x,y,z,r,g,b
8,23,28,153,153,102
8,23,29,102,153,51
8,24,29,51,102,51
8,25,29,102,153,51
9,25,26,102,153,51
9,26,26,102,153,51
9,25,27,102,153,51
9,24,28,51,102,51
9,25,28,102,153,51
9,23,29,51,102,51
9,24,29,51,102,51
9,25,29,51,102,51
9,26,29,51,102,51
9,26,30,51,102,51
10,24,26,51,102,51
10,25,26,51,102,51
10,26,26,102,153,51
10,27,26,102,153,51
10,23,27,0,51,0
10,24,27,51,102,51
10,25,27,51,102,51
10,26,27,51,102,51
10,24,28,51,102,51
10,26,28,51,102,51
10,22,29,0,51,0
10,23,29,34,34,34
10,24,29,51,102,51
10,25,29,51,102,51
10,27,29,153,204,102
10,26,30,51,102,51
10,26,31,102,153,51
10,26,32,102,153,51
10,21,36,51,102,51
10,22,36,102,153,51
10,21,37,51,102,51
10,22,37,51,102,51
10,21,38,51,102,51
10,22,38,51,102,51
10,21,39,51,102,51
10,22,39,51,102,51
10,23,39,102,153,51
10,24,39,153,204,102
10,21,40,0,51,0
10,22,40,51,102,51
10,23,40,102,153,51
11,23,26,0,51,0
11,23,27,0,51,0
11,21,28,0,51,0
11,22,28,34,34,34
11,23,28,51,51,0
11,24,28,51,102,51
11,25,28,51,102,51
11,26,28,51,102,51
11,27,28,153,204,102
11,21,29,0,51,0
11,27,29,153,204,102
11,21,30,0,51,0
11,22,30,51,102,51
11,23,30,51,51,0
11,24,30,51,102,51
11,25,30,51,102,51
11,26,30,51,102,51
11,21,31,51,102,51
11,22,31,51,102,51
11,23,31,102,153,51
11,21,32,51,102,51
11,22,32,51,102,51
11,23,32,102,153,51
11,21,33,0,51,0
11,22,33,51,102,51
11,23,33,51,51,0
11,21,37,51,102,51
11,21,38,51,102,51
11,22,38,34,34,34
11,23,38,102,153,51
11,21,39,51,102,51
11,22,39,51,102,51
11,23,39,102,153,51
11,23,40,102,153,51
11,23,41,102,153,51
12,23,26,51,102,51
12,22,27,0,51,0
12,23,27,51,102,51
12,20,28,102,102,51
12,21,28,0,51,0
12,24,28,51,102,51
12,25,28,102,153,51
12,26,28,51,102,51
12,27,28,51,102,51
12,28,28,153,204,102
12,21,29,51,102,51
12,27,29,102,153,51
12,28,29,153,204,102
12,21,30,51,102,51
12,24,30,34,34,34
12,25,30,51,102,51
12,26,30,102,153,102
12,21,31,51,102,51
12,23,31,102,153,51
12,21,32,51,102,51
12,23,32,102,153,51
12,21,33,51,102,51
12,22,33,51,102,51
12,23,33,102,153,51
12,21,34,51,51,51
12,20,36,102,102,51
12,20,37,102,102,51
12,21,37,51,51,51
12,20,38,102,102,51
12,22,38,34,34,34
12,23,38,153,204,102
12,20,39,102,102,51
12,21,39,51,102,51
12,22,39,51,102,51
12,23,39,102,153,51
12,23,40,102,153,51
13,25,17,51,102,51
13,26,17,51,102,51
13,27,17,51,102,51
13,24,19,51,102,51
13,25,19,51,102,51
13,24,20,51,102,51
13,25,20,51,102,51
13,26,20,102,153,51
13,27,20,51,102,51
13,28,20,102,102,51
13,20,25,51,102,51
13,21,25,0,51,0
13,22,25,0,51,0
13,23,25,51,102,51
13,24,25,51,102,51
13,25,25,51,102,51
13,26,25,102,153,51
13,27,25,102,153,51
13,20,26,51,102,51
13,23,26,17,17,17
13,24,26,51,102,51
13,25,26,51,102,51
13,26,26,102,153,51
13,27,26,102,153,51
13,20,27,51,102,51
13,22,27,51,102,51
13,24,27,51,102,51
13,25,27,51,102,51
13,26,27,102,153,51
13,27,27,102,153,51
13,28,27,102,153,51
13,29,27,102,153,51
13,20,28,51,102,51
13,21,28,0,51,0
13,28,28,102,153,51
13,20,29,51,102,51
13,27,29,102,102,51
13,28,29,102,102,51
13,20,30,51,102,51
13,24,30,51,102,51
13,25,30,34,34,34
13,26,30,51,102,51
13,21,31,51,102,51
13,23,31,102,153,51
13,21,32,0,51,0
13,23,32,17,17,17
13,21,33,51,102,51
13,23,33,102,153,51
13,20,34,51,102,51
13,21,34,51,51,51
13,22,34,34,34,34
13,20,37,51,102,51
13,21,37,51,51,51
13,20,38,51,102,51
13,22,38,102,153,51
13,23,38,153,204,102
13,20,39,51,102,51
13,21,39,0,51,0
13,22,39,51,102,51
13,23,39,102,153,51
14,25,17,102,153,51
14,26,17,102,153,51
14,27,17,102,102,51
14,28,17,102,153,51
14,24,18,34,34,34
14,25,18,51,51,0
14,26,18,0,68,0
14,27,18,102,102,51
14,24,19,34,34,34
14,25,19,51,102,51
14,24,20,34,34,34
14,25,20,51,102,51
14,26,20,102,153,51
14,27,20,51,102,51
14,28,20,102,153,51
14,29,20,102,153,51
14,28,21,51,102,51
14,28,22,102,153,51
14,28,23,102,102,51
14,21,25,0,51,0
14,22,25,51,51,0
14,23,25,0,51,0
14,24,25,51,102,51
14,25,25,51,51,0
14,26,25,0,68,0
14,27,25,102,102,51
14,19,26,102,102,51
14,20,26,51,102,51
14,21,26,102,102,51
14,22,26,51,51,0
14,26,26,0,68,0
14,19,27,102,102,51
14,22,27,51,51,0
14,26,27,0,68,0
14,19,28,102,102,51
14,20,28,51,102,51
14,21,28,102,102,51
14,27,28,102,102,51
14,28,28,102,102,51
14,19,29,102,102,51
14,20,29,51,102,51
14,27,29,102,102,51
14,21,30,102,102,51
14,24,30,34,34,34
14,25,30,51,51,0
14,26,30,0,68,0
14,27,30,102,102,51
14,21,31,102,102,51
14,23,31,102,153,51
14,20,32,0,51,0
14,23,32,34,34,34
14,21,33,102,102,51
14,23,33,102,153,51
14,20,34,51,102,51
14,21,34,102,102,51
14,22,34,51,51,0
14,23,34,34,34,34
14,21,36,102,102,51
14,22,36,102,153,51
14,19,37,102,102,51
14,20,37,51,102,51
14,22,37,153,204,102
14,19,38,102,102,51
14,22,38,102,153,51
14,19,39,102,102,51
14,20,39,0,51,0
14,21,39,102,102,51
14,22,39,102,153,51
15,25,17,51,51,0
15,26,17,102,153,102
15,27,17,51,51,51
15,28,17,102,153,51
15,24,18,34,34,34
15,25,18,51,51,0
15,27,18,51,51,51
15,24,19,34,34,34
15,26,19,102,153,102
15,27,19,51,51,51
15,28,19,102,153,51
15,29,19,102,153,51
15,24,20,34,34,34
15,29,20,153,153,102
15,24,21,34,34,34
15,25,21,51,51,0
15,26,21,102,153,102
15,27,21,51,51,51
15,29,21,102,153,51
15,30,21,102,153,51
15,26,22,102,153,102
15,27,22,51,51,51
15,29,22,102,153,51
15,30,22,102,153,51
15,27,23,51,51,51
15,28,23,102,153,102
15,24,25,51,102,51
15,25,25,51,102,51
15,26,25,102,153,102
15,19,26,102,153,51
15,20,26,51,102,51
15,21,26,34,34,34
15,22,26,51,51,0
15,23,26,34,34,34
15,26,26,102,153,102
15,19,27,102,153,51
15,20,27,51,102,51
15,21,27,34,34,34
15,25,27,51,51,0
15,19,28,102,153,51
15,25,28,51,51,0
15,26,28,102,153,102
15,29,28,102,153,51
15,20,29,51,102,51
15,25,29,51,51,0
15,26,29,102,153,102
15,20,30,51,102,51
15,24,30,34,34,34
15,25,30,51,51,0
15,26,30,102,153,102
15,27,30,51,51,51
15,20,31,51,102,51
15,23,31,102,153,51
15,20,32,51,102,51
15,23,32,102,153,51
15,20,33,51,102,51
15,23,33,102,153,51
15,19,34,102,153,51
15,20,34,51,102,51
15,23,34,102,153,51
15,21,35,34,34,34
15,22,35,51,51,0
15,23,35,102,153,51
15,19,36,102,153,51
15,20,36,51,102,51
15,23,36,153,204,102
15,19,37,102,153,51
15,22,37,102,153,51
15,19,38,102,153,51
15,21,38,51,102,51
15,22,38,102,153,51
15,19,39,102,153,51
15,20,39,51,102,51
15,21,39,51,102,51
16,26,17,102,153,51
16,27,17,51,102,51
16,28,17,51,102,51
16,26,18,51,51,0
16,27,18,51,102,51
16,28,18,51,102,51
16,29,18,102,153,51
16,24,19,102,102,51
16,25,19,51,51,51
16,27,19,102,153,102
16,28,19,51,102,51
16,29,19,102,153,51
16,24,20,102,102,51
16,25,20,51,51,51
16,30,20,153,153,102
16,24,21,102,102,51
16,25,21,51,51,51
16,29,21,102,153,51
16,26,22,51,51,0
16,29,22,102,153,51
16,27,23,102,153,102
16,28,23,51,102,51
16,29,23,51,102,51
16,30,23,153,153,102
16,25,25,51,51,51
16,26,25,51,51,0
16,27,25,102,153,102
16,22,26,0,51,0
16,23,26,34,34,34
16,24,26,102,102,51
16,26,26,51,51,0
16,20,27,51,102,51
16,21,27,51,51,0
16,22,27,34,34,34
16,25,27,51,51,51
16,20,28,51,102,51
16,24,28,102,102,51
16,20,29,51,102,51
16,24,29,102,102,51
16,28,29,51,102,51
16,29,29,102,153,51
16,30,29,102,153,51
16,20,30,51,102,51
16,25,30,51,51,51
16,27,30,102,153,102
16,28,30,51,102,51
16,29,30,51,102,51
16,20,31,51,102,51
16,24,31,102,102,51
16,25,31,51,51,51
16,29,31,102,153,51
16,30,31,102,153,51
16,20,32,51,102,51
16,24,32,102,153,51
16,25,32,51,51,51
16,20,33,51,102,51
16,24,33,102,153,51
16,20,34,51,102,51
16,23,34,102,153,51
16,24,34,102,153,51
16,20,35,51,102,51
16,23,35,34,34,34
16,20,36,51,102,51
16,23,36,51,102,51
16,20,37,51,102,51
16,21,37,51,51,0
16,22,37,51,102,51
16,23,37,51,102,51
16,20,38,51,102,51
16,23,43,102,153,51
17,26,17,51,102,51
17,26,18,51,102,51
17,26,19,51,102,51
17,26,20,51,102,51
17,27,20,153,204,153
17,28,20,102,153,102
17,29,20,153,153,51
17,30,20,102,153,102
17,23,21,102,102,51
17,26,21,51,102,51
17,27,21,153,204,153
17,29,21,102,153,51
17,23,22,102,102,51
17,24,22,102,153,51
17,26,22,51,102,51
17,27,22,153,204,153
17,29,22,102,153,51
17,23,23,102,102,51
17,24,23,102,153,51
17,25,23,102,102,51
17,26,23,51,102,51
17,27,23,153,204,153
17,29,23,153,153,51
17,28,24,102,153,102
17,29,24,153,153,51
17,24,25,102,153,51
17,25,25,102,102,51
17,26,25,51,102,51
17,23,26,102,102,51
17,24,26,102,153,51
17,26,26,51,102,51
17,20,27,51,51,0
17,21,27,34,34,34
17,23,27,102,102,51
17,24,27,102,153,51
17,25,27,102,102,51
17,20,28,51,51,0
17,21,28,34,34,34
17,22,28,51,102,51
17,23,28,102,102,51
17,24,28,102,153,51
17,25,28,102,102,51
17,20,29,51,51,0
17,21,29,34,34,34
17,22,29,51,102,51
17,23,29,102,102,51
17,24,29,102,153,51
17,29,29,102,153,51
17,30,29,102,153,51
17,20,30,0,51,0
17,21,30,34,34,34
17,22,30,51,102,51
17,23,30,102,102,51
17,24,30,68,68,68
17,29,30,153,153,51
17,30,30,102,153,102
17,20,31,51,102,51
17,21,31,34,34,34
17,22,31,51,102,51
17,23,31,102,102,51
17,24,31,68,68,68
17,28,31,102,153,102
17,29,31,153,153,51
17,20,32,51,102,51
17,21,32,34,34,34
17,22,32,51,102,51
17,23,32,102,102,51
17,24,32,68,68,68
17,25,32,68,68,68
17,20,33,51,102,51
17,21,33,34,34,34
17,22,33,51,102,51
17,23,33,102,102,51
17,24,33,102,153,51
17,20,34,51,102,51
17,21,34,34,34,34
17,22,34,51,102,51
17,20,35,51,102,51
17,21,35,34,34,34
17,22,35,51,102,51
17,20,36,51,51,0
17,22,36,51,102,51
17,20,37,51,51,0
17,23,37,51,102,51
17,20,38,51,51,0
17,21,38,0,51,0
17,22,38,51,102,51
17,23,38,51,102,51
17,24,38,51,102,51
17,25,38,51,102,51
17,26,38,51,102,51
17,27,38,102,153,51
17,20,39,51,51,0
17,26,39,51,102,51
17,27,39,102,153,51
17,22,42,51,102,51
17,23,43,102,102,51
17,24,43,102,153,51
18,26,17,51,102,51
18,24,18,0,51,0
18,25,18,51,102,51
18,26,18,51,102,51
18,24,19,0,51,0
18,29,20,102,153,51
18,28,21,0,51,0
18,29,21,102,153,51
18,28,22,0,51,0
18,29,22,102,153,51
18,25,23,51,51,51
18,26,23,102,153,102
18,27,23,0,51,0
18,28,23,0,51,0
18,29,23,51,102,51
18,25,24,51,51,51
18,26,24,102,153,102
18,27,24,0,51,0
18,28,24,0,51,0
18,29,24,102,153,51
18,31,24,102,153,51
18,25,25,51,51,51
18,27,25,0,51,0
18,28,25,0,51,0
18,29,25,102,153,51
18,30,25,102,153,102
18,31,25,102,153,51
18,25,26,51,51,51
18,26,26,102,153,102
18,30,26,102,153,51
18,31,26,102,153,51
18,30,27,102,153,51
18,31,27,102,153,51
18,29,28,102,153,51
18,30,28,102,153,51
18,31,28,153,204,102
18,29,29,102,153,51
18,30,29,102,153,51
18,29,30,102,153,51
18,30,30,102,153,102
18,31,30,102,153,102
18,28,31,0,51,0
18,29,31,102,153,51
18,20,36,34,34,34
18,21,36,34,34,34
18,22,36,51,102,51
18,23,36,51,102,51
18,20,37,34,34,34
18,23,37,51,102,51
18,20,38,34,34,34
18,21,38,51,102,51
18,23,38,51,102,51
18,24,38,51,102,51
18,25,38,51,102,51
18,20,39,0,51,0
18,22,39,0,51,0
18,23,39,51,102,51
18,24,39,102,153,51
18,25,39,102,153,51
18,26,39,51,102,51
18,27,39,51,102,51
18,22,40,51,102,51
18,23,40,51,102,51
18,24,40,102,153,51
18,25,40,102,153,51
18,26,40,102,153,51
18,27,40,102,153,51
18,22,41,51,102,51
18,23,41,51,102,51
18,24,41,51,102,51
18,25,41,102,153,51
18,26,41,102,153,51
18,21,42,34,34,34
18,23,42,102,102,102
18,24,42,34,34,34
18,25,42,51,51,51
18,21,43,34,34,34
18,22,43,51,102,51
18,23,43,102,102,102
18,24,43,34,34,34
18,25,43,51,51,51
18,20,44,34,34,34
18,21,44,34,34,34
18,22,44,51,102,51
19,26,17,51,102,51
19,27,17,102,153,51
19,28,17,102,153,102
19,26,18,51,102,51
19,24,19,51,102,51
19,29,21,51,102,51
19,28,22,102,153,102
19,29,22,51,102,51
19,25,23,51,51,51
19,26,23,34,34,34
19,29,23,51,102,51
19,30,23,51,102,51
19,31,23,51,102,51
19,25,24,51,51,51
19,27,24,102,153,51
19,30,24,102,153,102
19,31,24,102,153,51
19,25,25,51,51,51
19,28,25,102,153,102
19,30,25,102,153,102
19,25,26,51,51,51
19,26,26,34,34,34
19,27,26,102,153,51
19,28,26,102,153,102
19,25,27,51,51,51
19,28,27,102,153,102
19,29,27,102,153,51
19,30,27,102,153,51
19,29,28,102,153,51
19,31,28,153,204,102
19,29,29,102,153,51
19,30,29,102,153,51
19,28,30,102,153,102
19,31,30,102,153,51
19,28,31,102,153,102
19,30,31,102,153,102
19,31,31,153,204,102
19,29,32,102,153,51
19,30,32,102,153,102
19,31,32,102,153,51
19,29,33,102,153,51
19,20,36,0,51,0
19,21,36,51,51,51
19,22,36,51,102,51
19,20,37,0,51,0
19,22,37,51,102,51
19,20,38,0,51,0
19,22,38,51,102,51
19,24,38,34,34,34
19,25,38,51,51,51
19,20,39,51,51,0
19,21,39,51,51,51
19,22,39,51,102,51
19,24,39,34,34,34
19,26,39,34,34,34
19,27,39,102,153,51
19,28,39,102,153,102
19,21,40,51,51,51
19,22,40,51,102,51
19,24,40,34,34,34
19,27,40,102,153,51
19,21,41,51,51,51
19,22,41,51,102,51
19,24,41,34,34,34
19,25,41,51,51,51
19,27,41,102,153,51
19,20,42,0,51,0
19,22,42,51,102,51
19,24,42,34,34,34
19,26,42,34,34,34
19,27,42,102,153,51
19,20,43,0,51,0
19,22,43,51,102,51
19,24,43,34,34,34
19,26,43,34,34,34
19,20,44,0,51,0
19,21,44,51,51,51
19,22,44,51,102,51
19,24,44,34,34,34
19,26,44,34,34,34
20,25,17,51,102,51
20,26,17,51,102,51
20,27,17,51,102,51
20,28,17,153,204,102
20,24,19,51,102,51
20,23,20,34,34,34
20,24,20,34,34,34
20,29,21,102,153,51
20,28,22,153,204,102
20,29,22,51,102,51
20,24,23,34,34,34
20,25,23,17,17,17
20,26,23,68,68,68
20,29,23,102,153,102
20,30,23,102,153,51
20,31,23,102,153,51
20,21,24,51,102,51
20,22,24,34,34,34
20,23,24,34,34,34
20,24,24,34,34,34
20,27,24,51,102,51
20,30,24,102,153,51
20,31,24,102,153,51
20,21,25,51,102,51
20,22,25,34,34,34
20,23,25,34,34,34
20,24,25,34,34,34
20,28,25,153,204,102
20,30,25,102,153,51
20,21,26,0,51,0
20,22,26,34,34,34
20,23,26,34,34,34
20,24,26,34,34,34
20,28,26,153,204,102
20,22,27,68,68,68
20,23,27,34,34,34
20,24,27,34,34,34
20,25,27,17,17,17
20,26,27,68,68,68
20,27,27,51,102,51
20,29,27,102,153,102
20,23,28,34,34,34
20,24,28,34,34,34
20,28,28,153,204,102
20,30,28,102,153,51
20,22,29,68,68,68
20,23,29,34,34,34
20,24,29,34,34,34
20,28,29,153,204,102
20,30,29,102,153,51
20,22,30,34,34,34
20,23,30,34,34,34
20,28,30,153,204,102
20,31,30,153,153,102
20,27,31,68,68,68
20,31,31,102,153,51
20,28,32,153,204,102
20,30,32,102,153,51
20,31,32,102,153,51
20,29,33,102,153,102
20,21,34,51,51,0
20,29,34,102,153,102
20,21,35,51,51,0
20,21,36,51,51,0
20,22,36,34,34,34
20,21,37,51,51,0
20,23,37,34,34,34
20,21,38,51,51,0
20,23,38,34,34,34
20,24,38,34,34,34
20,25,38,17,17,17
20,26,38,68,68,68
20,27,38,51,102,51
20,21,39,51,51,0
20,23,39,34,34,34
20,28,39,153,204,102
20,21,40,51,51,0
20,23,40,34,34,34
20,27,40,51,102,51
20,21,41,51,51,0
20,23,41,34,34,34
20,24,41,34,34,34
20,25,41,17,17,17
20,27,41,51,102,51
20,21,42,51,51,0
20,23,42,34,34,34
20,26,42,68,68,68
20,27,42,51,102,51
20,21,43,51,51,0
20,22,43,34,34,34
20,21,44,51,51,0
20,22,44,34,34,34
20,22,45,34,34,34
21,25,17,51,102,51
21,26,17,102,153,51
21,27,17,51,102,51
21,28,17,102,102,51
21,29,17,51,102,51
21,23,20,51,51,51
21,23,21,51,51,51
21,24,21,51,51,51
21,28,21,102,102,51
21,29,21,102,153,51
21,21,22,51,102,51
21,22,22,34,34,34
21,23,22,51,51,51
21,24,22,51,51,51
21,25,22,34,34,34
21,29,22,51,102,51
21,20,23,0,51,0
21,21,23,51,102,51
21,22,23,0,51,0
21,23,23,51,51,51
21,25,23,34,34,34
21,29,23,102,102,51
21,30,23,51,102,51
21,31,23,153,204,102
21,20,24,102,102,51
21,26,24,102,102,51
21,30,24,51,102,51
21,31,24,102,153,51
21,20,25,0,51,0
21,27,25,51,102,0
21,20,26,0,51,0
21,21,26,51,102,51
21,27,26,51,102,0
21,22,27,68,68,68
21,28,27,102,102,51
21,22,28,68,68,68
21,25,28,34,34,34
21,26,28,102,102,51
21,27,28,51,102,0
21,29,28,102,102,51
21,22,29,68,68,68
21,24,29,51,51,51
21,25,29,34,34,34
21,27,29,51,102,0
21,29,29,102,102,51
21,22,30,34,34,34
21,23,30,51,51,51
21,28,30,102,102,51
21,30,30,51,102,51
21,27,31,68,68,68
21,30,31,51,102,51
21,27,32,51,102,51
21,30,32,51,102,51
21,28,33,51,102,51
21,29,33,51,102,51
21,29,34,102,153,51
21,20,35,102,102,51
21,29,35,102,153,51
21,20,36,0,51,0
21,24,36,51,51,51
21,29,36,51,102,51
21,20,37,0,51,0
21,21,37,51,102,51
21,22,37,34,34,34
21,23,37,51,51,51
21,24,37,51,51,51
21,25,37,34,34,34
21,26,37,102,102,51
21,28,37,102,102,51
21,29,37,102,102,51
21,20,38,0,51,0
21,21,38,51,102,51
21,27,38,51,102,0
21,20,39,102,102,51
21,26,39,102,102,51
21,27,39,51,102,0
21,20,40,0,51,0
21,23,40,51,51,51
21,24,40,51,51,51
21,27,40,51,102,0
21,20,41,0,51,0
21,21,41,51,102,51
21,22,41,34,34,34
21,25,41,34,34,34
21,27,41,51,102,0
21,20,42,0,51,0
21,21,42,51,102,51
21,22,42,34,34,34
21,26,42,102,102,51
21,27,42,51,102,0
21,20,43,102,102,51
21,21,43,51,102,51
21,22,43,34,34,34
21,27,43,51,102,0
21,20,44,102,102,51
21,21,44,51,102,51
21,22,44,102,153,51
21,20,45,0,51,0
21,21,45,51,102,51
22,26,17,102,153,51
22,27,17,102,153,51
22,28,17,102,153,51
22,29,17,51,102,51
22,27,18,51,102,51
22,28,18,102,153,51
22,29,18,51,102,51
22,30,18,102,153,51
22,27,19,51,51,51
22,28,19,102,153,51
22,29,19,51,102,51
22,30,19,51,102,51
22,23,20,17,17,17
22,28,20,102,153,51
22,29,20,102,153,51
22,30,20,102,153,51
22,23,21,17,17,17
22,24,21,102,102,51
22,28,21,102,153,51
22,29,21,102,153,51
22,21,22,102,153,102
22,22,22,51,51,51
22,24,22,102,102,51
22,25,22,17,17,17
22,29,22,102,153,51
22,21,23,102,153,102
22,25,23,17,17,17
22,30,23,102,153,51
22,20,24,170,170,170
22,26,24,51,102,0
22,20,25,0,51,0
22,26,25,51,102,0
22,20,26,0,51,0
22,21,26,102,153,102
22,27,26,51,51,51
22,22,27,68,68,68
22,28,27,102,153,51
22,22,28,68,68,68
22,28,28,102,153,51
22,22,29,68,68,68
22,26,29,51,102,0
22,29,29,102,153,102
22,22,30,51,51,51
22,23,30,17,17,17
22,24,30,68,68,68
22,25,30,68,68,68
22,26,30,68,68,68
22,27,30,68,68,68
22,30,30,102,153,51
22,27,31,68,68,68
22,31,31,102,153,51
22,26,32,51,102,51
22,27,32,51,102,51
22,30,32,51,102,51
22,28,33,51,102,51
22,29,33,102,153,51
22,29,34,102,153,51
22,20,35,170,170,170
22,29,35,102,153,51
22,28,36,102,153,51
22,29,36,102,153,102
22,20,37,170,170,170
22,23,37,17,17,17
22,24,37,102,102,51
22,28,37,102,153,51
22,29,37,102,153,102
22,20,38,170,170,170
22,22,38,51,51,51
22,25,38,17,17,17
22,26,38,51,102,0
22,27,38,51,51,51
22,20,39,170,170,170
22,21,39,102,153,102
22,25,39,17,17,17
22,20,40,170,170,170
22,21,40,102,153,102
22,26,40,51,102,0
22,20,41,170,170,170
22,22,41,51,51,51
22,23,41,17,17,17
22,24,41,102,102,51
22,26,41,51,102,0
22,20,42,170,170,170
22,22,42,102,153,51
22,23,42,102,153,51
22,24,42,102,153,51
22,25,42,17,17,17
22,27,42,51,51,51
22,20,43,51,102,51
22,24,43,102,153,51
22,25,43,17,17,17
22,26,43,51,102,0
22,27,43,51,51,51
22,20,44,51,102,51
22,24,44,102,153,51
22,25,44,102,153,51
22,26,44,153,204,102
22,20,45,51,102,51
22,24,45,102,153,51
22,25,45,102,153,51
22,26,45,102,153,51
22,24,46,102,153,51
23,27,17,102,153,51
23,29,17,51,102,51
23,30,17,51,102,51
23,31,17,102,153,51
23,27,18,51,102,51
23,28,18,102,153,51
23,30,18,102,153,51
23,27,19,17,17,17
23,30,19,51,102,51
23,23,20,85,85,85
23,28,20,102,153,51
23,30,20,102,153,51
23,23,21,85,85,85
23,28,21,102,153,51
23,29,21,102,153,51
23,19,22,51,102,51
23,21,22,102,153,102
23,22,22,102,102,51
23,23,22,85,85,85
23,25,22,34,34,34
23,29,22,102,153,51
23,19,23,51,102,51
23,20,23,0,51,0
23,24,23,34,34,34
23,25,23,34,34,34
23,30,23,153,204,102
23,19,24,0,51,0
23,24,24,34,34,34
23,26,24,0,68,0
23,30,24,153,204,102
23,19,25,0,51,0
23,24,25,34,34,34
23,26,25,0,68,0
23,19,26,0,51,0
23,20,26,0,51,0
23,21,26,102,153,102
23,24,26,34,34,34
23,27,26,17,17,17
23,22,27,68,68,68
23,24,27,34,34,34
23,28,27,102,153,51
23,22,28,68,68,68
23,24,28,34,34,34
23,28,28,102,153,51
23,22,29,68,68,68
23,24,29,34,34,34
23,29,29,51,102,0
23,22,30,102,102,51
23,24,30,68,68,68
23,30,30,153,204,102
23,23,31,85,85,85
23,24,31,68,68,68
23,25,31,68,68,68
23,26,31,68,68,68
23,30,31,153,204,102
23,26,32,51,102,51
23,27,32,51,102,51
23,28,32,51,102,51
23,30,32,51,102,51
23,31,32,102,153,51
23,28,33,51,102,51
23,29,33,102,153,51
23,19,34,51,102,51
23,28,34,102,153,51
23,19,35,51,102,51
23,20,35,51,102,51
23,28,35,102,153,51
23,19,36,51,102,51
23,19,38,0,51,0
23,22,38,102,102,51
23,23,38,85,85,85
23,24,38,34,34,34
23,19,39,0,51,0
23,21,39,102,153,102
23,24,39,34,34,34
23,25,39,34,34,34
23,19,40,0,51,0
23,20,40,51,102,51
23,21,40,102,153,102
23,24,40,34,34,34
23,25,40,34,34,34
23,19,41,51,102,51
23,20,41,51,102,51
23,22,41,102,102,51
23,23,41,85,85,85
23,25,41,34,34,34
23,26,41,0,68,0
23,19,42,0,51,0
23,20,42,51,102,51
23,22,42,102,102,51
23,25,42,34,34,34
23,26,42,0,68,0
23,19,43,0,51,0
23,20,43,51,102,51
23,22,43,51,102,51
23,25,43,34,34,34
23,26,43,0,68,0
23,20,44,51,102,51
23,22,44,51,102,51
23,25,44,102,153,51
23,26,44,153,204,102
23,22,45,51,102,51
23,23,45,102,153,51
23,25,45,102,153,51
23,26,45,102,153,51
23,24,46,102,153,51
23,25,46,34,34,34
23,26,46,102,153,51
24,29,17,102,153,51
24,31,17,102,153,51
24,27,18,51,102,51
24,28,18,51,102,51
24,30,18,102,153,51
24,27,19,34,34,34
24,30,19,51,102,51
24,23,20,34,34,34
24,28,20,51,102,51
24,31,20,102,153,51
24,23,21,34,34,34
24,29,21,102,153,51
24,30,21,102,153,51
24,31,21,102,153,51
24,20,22,0,51,0
24,21,22,102,153,102
24,22,22,102,153,51
24,23,22,34,34,34
24,25,22,51,51,51
24,29,22,102,153,51
24,30,22,102,153,51
24,31,22,102,153,51
24,19,23,51,102,51
24,23,23,34,34,34
24,25,23,51,51,51
24,30,23,153,204,102
24,31,23,153,204,102
24,32,23,153,204,102
24,19,24,0,51,0
24,23,24,34,34,34
24,25,24,51,51,51
24,32,24,102,153,51
24,19,25,51,102,51
24,23,25,34,34,34
24,25,25,51,51,51
24,26,25,17,17,17
24,19,26,51,102,51
24,20,26,102,153,51
24,21,26,102,153,102
24,23,26,34,34,34
24,25,26,51,51,51
24,27,26,34,34,34
24,22,27,68,68,68
24,23,27,34,34,34
24,25,27,51,51,51
24,28,27,51,102,51
24,22,28,68,68,68
24,23,28,34,34,34
24,25,28,51,51,51
24,29,28,102,153,102
24,22,29,68,68,68
24,23,29,34,34,34
24,25,29,51,51,51
24,29,29,102,153,102
24,22,30,102,153,51
24,23,30,34,34,34
24,25,30,68,68,68
24,30,30,51,102,51
24,23,31,34,34,34
24,25,31,68,68,68
24,26,31,68,68,68
24,27,31,68,68,68
24,28,31,51,102,51
24,31,31,102,153,51
24,25,32,51,102,51
24,29,32,102,153,51
24,30,32,102,153,51
24,31,32,102,153,51
24,25,33,51,102,51
24,19,34,51,102,51
24,20,34,102,153,51
24,19,35,51,102,51
24,19,36,51,102,51
24,23,38,34,34,34
24,22,39,102,153,51
24,23,39,34,34,34
24,25,39,51,51,51
24,20,40,102,153,51
24,21,40,102,153,102
24,23,40,34,34,34
24,25,40,51,51,51
24,19,41,51,102,51
24,21,41,102,153,102
24,23,41,34,34,34
24,25,41,51,51,51
24,26,41,17,17,17
24,19,42,51,102,51
24,21,42,102,153,102
24,22,42,102,153,51
24,19,43,0,51,0
24,21,43,51,102,51
24,22,43,51,102,51
24,20,44,51,102,51
24,21,44,51,102,51
24,22,44,51,102,51
24,20,45,51,102,51
24,21,45,51,102,51
24,23,45,51,102,51
24,21,46,102,153,102
25,28,17,102,153,51
25,29,17,102,153,51
25,27,18,102,153,51
25,30,18,102,153,51
25,31,18,153,153,102
25,27,19,51,102,51
25,31,19,51,102,51
25,28,20,102,153,102
25,31,20,51,102,51
25,23,21,34,34,34
25,29,21,102,153,102
25,31,21,102,153,51
25,19,22,0,51,0
25,20,22,34,34,34
25,21,22,102,153,102
25,22,22,102,153,51
25,23,22,34,34,34
25,29,22,102,153,102
25,31,22,102,153,51
25,18,23,0,51,0
25,24,23,17,17,17
25,25,23,34,34,34
25,30,23,102,153,51
25,31,23,102,153,51
25,32,23,153,204,102
25,18,24,51,102,51
25,24,24,17,17,17
25,26,24,34,34,34
25,32,24,153,204,102
25,19,25,51,102,51
25,24,25,17,17,17
25,25,25,34,34,34
25,26,25,34,34,34
25,19,26,51,102,51
25,20,26,34,34,34
25,21,26,102,153,102
25,23,26,34,34,34
25,24,26,17,17,17
25,27,26,51,102,51
25,22,27,68,68,68
25,23,27,34,34,34
25,24,27,17,17,17
25,25,27,34,34,34
25,26,27,34,34,34
25,28,27,102,153,102
25,22,28,68,68,68
25,23,28,34,34,34
25,24,28,17,17,17
25,25,28,34,34,34
25,28,28,102,153,102
25,22,29,68,68,68
25,23,29,34,34,34
25,24,29,17,17,17
25,29,29,102,153,102
25,23,30,34,34,34
25,24,30,68,68,68
25,30,30,102,153,51
25,24,31,68,68,68
25,30,31,102,153,51
25,24,32,51,102,51
25,26,32,51,102,51
25,27,32,51,102,51
25,28,32,51,102,51
25,30,32,51,102,51
25,19,33,51,102,51
25,20,33,34,34,34
25,25,33,51,102,51
25,26,33,51,102,51
25,27,33,51,102,51
25,28,33,51,102,51
25,29,33,102,153,51
25,18,34,51,102,51
25,20,34,34,34,34
25,18,35,51,102,51
25,19,35,51,102,51
25,20,35,34,34,34
25,18,36,51,102,51
25,18,37,51,102,51
25,23,37,34,34,34
25,23,38,34,34,34
25,22,39,102,153,51
25,24,39,17,17,17
25,25,39,34,34,34
25,21,40,102,153,102
25,23,40,34,34,34
25,24,40,17,17,17
25,26,40,34,34,34
25,20,41,34,34,34
25,23,41,34,34,34
25,24,41,17,17,17
25,25,41,34,34,34
25,26,41,102,153,51
25,19,42,51,102,51
25,23,42,34,34,34
25,24,42,17,17,17
25,19,43,51,102,51
25,22,43,51,102,51
25,19,44,0,51,0
25,21,44,51,102,51
25,22,44,102,153,51
25,26,44,102,153,51
25,20,45,51,102,51
25,26,45,102,153,51
25,21,46,102,153,102
25,26,46,102,153,51
26,26,17,51,102,51
26,27,17,51,102,51
26,28,17,102,153,51
26,27,18,51,102,51
26,29,18,102,153,51
26,30,18,102,153,51
26,31,18,51,102,51
26,28,19,51,102,51
26,32,19,51,102,51
26,29,20,102,153,51
26,31,20,102,153,51
26,29,21,102,153,51
26,31,21,102,153,51
26,19,22,51,102,51
26,20,22,51,51,0
26,21,22,51,102,51
26,22,22,102,153,51
26,30,22,153,153,102
26,32,22,102,153,51
26,33,22,102,153,51
26,19,23,51,102,51
26,23,23,34,34,34
26,31,23,102,153,51
26,33,23,153,204,102
26,19,24,51,102,51
26,23,24,34,34,34
26,25,24,34,34,34
26,31,24,102,153,51
26,32,24,153,204,102
26,33,24,153,204,102
26,19,25,51,102,51
26,23,25,34,34,34
26,26,25,51,102,51
26,20,26,51,51,0
26,21,26,51,102,51
26,22,26,102,153,51
26,25,26,34,34,34
26,26,26,51,102,51
26,27,27,51,51,0
26,26,28,51,102,51
26,28,28,51,102,51
26,25,29,34,34,34
26,28,29,51,102,51
26,23,30,34,34,34
26,25,30,34,34,34
26,29,30,102,153,51
26,23,31,34,34,34
26,25,31,34,34,34
26,30,31,153,153,102
26,23,32,51,102,51
26,25,32,51,102,51
26,28,32,51,102,51
26,29,32,51,102,51
26,20,33,51,51,0
26,25,33,51,102,51
26,26,33,102,153,51
26,27,33,51,102,51
26,19,34,51,102,51
26,20,34,51,51,0
26,21,34,51,102,51
26,22,34,51,102,51
26,19,35,51,102,51
26,22,35,102,153,51
26,19,36,51,102,51
26,22,39,51,102,51
26,23,39,51,102,51
26,25,39,51,102,51
26,22,40,51,102,51
26,25,40,51,102,51
26,21,41,51,102,51
26,22,41,102,153,51
26,25,41,34,34,34
26,20,42,51,51,0
26,22,42,102,153,51
26,25,42,34,34,34
26,26,42,51,102,51
26,19,43,51,102,51
26,23,43,51,102,51
26,25,43,34,34,34
26,26,43,102,153,51
26,19,44,51,102,51
26,21,44,51,102,51
26,22,44,102,153,51
26,26,44,102,153,51
26,19,45,51,102,51
26,20,45,51,102,51
26,26,45,153,204,102
26,26,46,102,153,51
27,27,17,51,102,51
27,25,18,51,102,51
27,26,18,51,102,51
27,27,18,51,102,51
27,28,18,51,102,51
27,29,18,51,102,51
27,30,18,51,102,51
27,31,18,51,102,51
27,26,19,51,102,51
27,28,19,51,102,51
27,31,19,102,153,102
27,28,20,51,102,51
27,31,20,102,153,102
27,32,20,102,153,102
27,29,21,102,153,51
27,30,21,102,153,51
27,31,21,102,153,51
27,32,21,102,153,51
27,20,22,102,102,51
27,21,22,102,153,102
27,22,22,51,102,51
27,31,22,102,153,51
27,32,22,102,153,51
27,33,22,102,153,51
27,18,23,119,119,119
27,19,23,51,51,0
27,23,23,153,153,102
27,24,23,17,17,17
27,30,23,102,153,51
27,31,23,102,153,51
27,32,23,153,204,102
27,33,23,153,204,102
27,19,24,51,51,0
27,23,24,153,153,102
27,31,24,102,153,51
27,32,24,153,204,102
27,33,24,153,204,102
27,19,25,51,51,0
27,22,25,51,102,51
27,33,25,153,204,102
27,20,26,102,102,51
27,21,26,102,153,102
27,25,28,102,102,51
27,26,28,51,102,51
27,27,28,51,102,51
27,28,28,51,102,51
27,25,29,102,102,51
27,29,29,102,153,51
27,24,30,17,17,17
27,30,30,102,153,51
27,22,31,51,102,51
27,23,31,153,153,102
27,24,31,17,17,17
27,30,31,102,153,51
27,23,32,51,102,51
27,24,32,51,102,51
27,29,32,102,153,51
27,20,33,102,102,51
27,21,33,102,153,102
27,23,33,51,102,51
27,24,33,51,102,51
27,25,33,51,102,51
27,28,33,51,102,51
27,29,33,102,153,51
27,18,34,119,119,119
27,19,34,51,51,0
27,22,34,51,102,51
27,23,34,51,102,51
27,24,34,51,102,51
27,26,34,102,153,51
27,27,34,102,153,51
27,28,34,102,153,51
27,18,35,119,119,119
27,20,35,102,102,51
27,21,35,102,153,102
27,23,35,51,102,51
27,18,36,119,119,119
27,19,36,51,51,0
27,22,36,51,102,51
27,18,37,119,119,119
27,22,38,51,102,51
27,22,39,51,102,51
27,23,39,51,102,51
27,24,39,51,102,51
27,22,40,51,102,51
27,23,40,51,102,51
27,24,40,51,102,51
27,25,40,51,102,51
27,21,41,102,153,102
27,23,41,153,153,102
27,24,41,17,17,17
27,25,41,102,102,51
27,20,42,102,102,51
27,23,42,153,153,102
27,24,42,17,17,17
27,26,42,102,153,51
27,19,43,51,51,0
27,24,43,17,17,17
27,25,43,102,102,51
27,26,43,102,153,51
27,19,44,51,51,0
27,20,44,102,102,51
27,23,44,102,153,51
27,26,44,153,204,102
27,21,45,51,102,51
27,22,45,102,153,51
27,23,45,102,153,51
27,26,45,153,204,102
27,23,46,102,153,51
27,26,46,51,102,51
28,28,17,102,153,51
28,29,17,102,153,51
28,28,18,102,153,51
28,29,18,102,153,51
28,30,18,51,102,51
28,31,18,102,153,51
28,26,19,153,153,102
28,27,19,102,153,51
28,28,19,102,153,51
28,29,19,102,153,51
28,30,19,51,102,51
28,31,19,102,153,51
28,27,20,102,153,51
28,28,20,102,153,51
28,29,20,102,153,51
28,30,20,51,102,51
28,23,21,51,102,51
28,19,22,51,51,0
28,20,22,102,102,51
28,21,22,102,102,51
28,22,22,51,102,51
28,23,22,51,102,51
28,19,23,51,51,0
28,23,23,51,102,51
28,24,23,0,17,0
28,18,24,51,102,51
28,22,24,51,102,51
28,23,24,51,102,51
28,32,24,153,204,102
28,19,25,51,51,0
28,20,25,102,102,51
28,21,25,102,102,51
28,32,25,153,204,102
28,19,26,51,51,0
28,25,29,17,17,17
28,26,29,153,153,102
28,27,29,85,85,85
28,28,29,102,102,51
28,29,29,153,204,102
28,24,30,0,17,0
28,25,30,17,17,17
28,26,30,153,153,102
28,27,30,85,85,85
28,28,30,102,102,51
28,29,30,153,204,102
28,30,30,51,102,51
28,0,31,68,68,68
28,22,31,51,102,51
28,23,31,51,102,51
28,30,31,51,102,51
28,0,32,68,68,68
28,21,32,102,102,51
28,22,32,51,102,51
28,30,32,51,102,51
28,31,32,102,153,51
28,0,33,68,68,68
28,19,33,51,51,0
28,20,33,102,102,51
28,22,33,51,102,51
28,29,33,102,153,51
28,0,34,68,68,68
28,18,34,51,102,51
28,24,34,51,102,51
28,25,34,51,102,51
28,26,34,102,153,51
28,28,34,102,153,51
28,18,35,51,102,51
28,23,35,51,102,51
28,27,35,102,153,51
28,28,35,102,153,51
28,18,36,51,102,51
28,20,36,102,102,51
28,21,36,102,102,51
28,22,36,51,102,51
28,18,37,51,102,51
28,19,37,51,51,0
28,20,37,102,102,51
28,21,37,102,102,51
28,22,37,51,102,51
28,21,38,102,102,51
28,22,38,51,102,51
28,22,39,51,102,51
28,21,40,102,102,51
28,23,40,51,102,51
28,24,40,51,102,51
28,25,40,51,102,51
28,26,40,51,102,51
28,21,41,102,102,51
28,25,41,17,17,17
28,21,42,102,102,51
28,26,42,102,153,51
28,20,43,102,102,51
28,26,43,102,153,51
28,21,44,102,102,51
28,24,44,102,153,51
28,25,44,102,153,51
28,26,44,102,153,51
28,21,45,51,102,51
28,24,45,51,102,51
28,25,45,51,102,51
28,26,45,51,102,51
28,21,46,51,102,51
28,22,46,102,153,51
28,23,46,102,153,51
28,24,46,51,102,51
28,25,46,51,102,51
29,19,22,34,34,34
29,20,22,51,51,51
29,21,22,51,102,51
29,22,22,102,153,102
29,19,23,34,34,34
29,22,23,102,153,102
29,33,23,153,204,102
29,19,24,34,34,34
29,21,24,51,102,51
29,33,24,153,204,102
29,19,25,34,34,34
29,20,25,51,51,51
29,21,25,51,102,51
29,32,25,153,204,102
29,19,26,34,34,34
29,0,31,68,68,68
29,22,31,102,153,102
29,23,31,102,153,51
29,24,31,51,102,51
29,25,31,17,17,17
29,26,31,102,153,102
29,27,31,34,34,34
29,28,31,51,51,51
29,29,31,102,153,51
29,30,31,102,153,51
29,31,31,153,204,102
29,0,32,68,68,68
29,1,32,68,68,68
29,20,32,51,51,51
29,21,32,51,102,51
29,30,32,102,153,51
29,31,32,153,204,102
29,32,32,102,153,102
29,0,33,68,68,68
29,1,33,68,68,68
29,19,33,34,34,34
29,29,33,102,153,51
29,0,34,68,68,68
29,19,34,34,34,34
29,23,34,102,153,51
29,24,34,51,102,51
29,25,34,51,102,51
29,26,34,51,102,51
29,28,34,51,51,51
29,19,35,34,34,34
29,22,35,102,153,102
29,27,35,51,102,51
29,28,35,51,102,51
29,19,36,34,34,34
29,22,36,51,102,51
29,19,37,34,34,34
29,21,37,51,102,51
29,19,38,34,34,34
29,20,38,51,51,51
29,21,38,51,102,51
29,20,39,51,51,51
29,21,39,51,102,51
29,22,39,51,102,51
29,21,40,51,102,51
29,23,40,51,102,51
29,24,40,51,102,51
29,25,40,51,102,51
29,26,40,51,102,51
29,20,41,51,51,51
29,25,41,17,17,17
29,20,42,51,51,51
29,26,42,102,153,51
29,20,43,51,51,51
29,24,43,102,153,51
29,25,43,17,17,17
29,26,43,153,204,102
29,21,44,51,102,51
29,23,44,102,153,51
29,26,44,102,153,51
29,21,45,51,102,51
29,23,45,102,153,51
29,21,46,51,102,51
29,22,46,102,153,102
29,23,46,102,153,51
30,19,22,51,102,51
30,20,22,0,51,0
30,21,22,51,51,51
30,22,22,102,153,51
30,12,23,0,51,0
30,19,23,51,102,51
30,22,23,102,153,51
30,12,24,0,51,0
30,19,24,51,102,51
30,21,24,51,51,51
30,33,24,102,153,51
30,19,25,51,102,51
30,20,25,0,51,0
30,21,25,51,51,51
30,32,25,102,153,51
30,33,25,102,153,51
30,19,26,51,102,51
30,32,26,102,153,51
30,33,26,153,204,102
30,0,29,68,68,68
30,0,30,68,68,68
30,20,30,0,51,0
30,21,30,51,51,51
30,0,31,68,68,68
30,1,31,85,85,85
30,19,31,51,102,51
30,20,31,0,51,0
30,21,31,51,51,51
30,22,31,102,153,51
30,23,31,102,153,51
30,24,31,102,153,51
30,25,31,34,34,34
30,26,31,0,34,0
30,27,31,102,102,51
30,28,31,51,102,51
30,29,31,102,153,102
30,30,31,102,153,51
30,31,31,153,204,102
30,0,32,68,68,68
30,1,32,85,85,85
30,19,32,51,102,51
30,30,32,102,153,51
30,31,32,153,204,102
30,32,32,102,153,51
30,0,33,68,68,68
30,1,33,85,85,85
30,19,33,51,102,51
30,29,33,102,153,102
30,0,34,68,68,68
30,19,34,51,102,51
30,24,34,102,153,51
30,25,34,34,34,34
30,28,34,51,102,51
30,19,35,51,102,51
30,23,35,102,153,51
30,26,35,0,34,0
30,27,35,51,102,51
30,28,35,51,102,51
30,29,35,102,153,102
30,19,36,51,102,51
30,22,36,51,102,51
30,19,37,51,102,51
30,21,37,51,51,51
30,19,38,51,102,51
30,21,38,51,51,51
30,19,39,51,102,51
30,21,39,51,51,51
30,19,40,51,102,51
30,20,40,0,51,0
30,22,40,51,102,51
30,23,40,51,102,51
30,24,40,51,102,51
30,20,41,0,51,0
30,24,41,102,153,51
30,25,41,34,34,34
30,20,42,0,51,0
30,25,42,34,34,34
30,20,43,0,51,0
30,25,43,34,34,34
30,19,44,0,51,0
30,20,44,0,51,0
30,23,44,102,153,51
30,24,44,51,102,51
30,20,45,0,51,0
30,22,45,102,153,51
30,23,45,102,153,51
30,24,45,102,153,51
30,21,46,51,102,51
30,23,46,102,153,51
31,23,20,0,51,0
31,23,21,51,102,51
31,11,22,51,102,51
31,12,22,0,51,0
31,13,22,51,102,51
31,19,22,34,34,34
31,20,22,51,102,51
31,21,22,51,102,51
31,22,22,51,102,0
31,23,22,0,68,0
31,24,22,102,153,102
31,25,22,51,102,51
31,11,23,0,51,0
31,13,23,0,51,0
31,19,23,34,34,34
31,23,23,0,68,0
31,11,24,0,51,0
31,13,24,51,102,51
31,19,24,34,34,34
31,22,24,51,102,0
31,11,25,0,51,0
31,12,25,51,102,51
31,13,25,51,102,51
31,19,25,34,34,34
31,21,25,51,102,51
31,31,25,102,153,102
31,32,25,102,153,51
31,11,26,0,51,0
31,12,26,51,102,51
31,19,26,34,34,34
31,20,26,51,102,51
31,21,26,51,102,51
31,31,26,102,153,102
31,32,26,102,153,51
31,19,27,34,34,34
31,20,27,51,102,51
31,27,27,0,51,0
31,28,27,51,51,51
31,29,27,0,68,0
31,32,27,153,153,102
31,19,28,34,34,34
31,22,28,51,102,0
31,23,28,0,68,0
31,24,28,102,153,102
31,25,28,51,102,51
31,26,28,17,17,17
31,27,28,51,51,51
31,28,28,51,51,51
31,29,28,0,68,0
31,0,29,68,68,68
31,19,29,34,34,34
31,20,29,51,102,51
31,21,29,51,102,51
31,22,29,51,102,0
31,23,29,0,68,0
31,24,29,102,153,102
31,25,29,51,102,51
31,26,29,17,17,17
31,27,29,51,51,51
31,28,29,51,51,51
31,29,29,0,68,0
31,30,29,102,102,51
31,0,30,68,68,68
31,19,30,34,34,34
31,22,30,51,102,0
31,23,30,0,68,0
31,24,30,102,153,102
31,25,30,51,102,51
31,26,30,17,17,17
31,27,30,51,51,51
31,28,30,51,51,51
31,29,30,0,68,0
31,30,30,102,102,51
31,31,30,102,153,102
31,0,31,68,68,68
31,1,31,102,102,51
31,19,31,34,34,34
31,32,31,102,153,51
31,0,32,68,68,68
31,1,32,102,102,51
31,19,32,34,34,34
31,32,32,102,153,51
31,0,33,68,68,68
31,1,33,102,102,51
31,19,33,34,34,34
31,30,33,102,102,51
31,31,33,102,153,102
31,32,33,153,153,102
31,0,34,68,68,68
31,19,34,34,34,34
31,29,34,0,68,0
31,30,34,102,102,51
31,31,34,102,153,102
31,0,35,68,68,68
31,19,35,34,34,34
31,22,35,51,102,0
31,23,35,0,68,0
31,24,35,102,153,102
31,25,35,51,102,51
31,26,35,17,17,17
31,27,35,51,102,51
31,28,35,51,51,51
31,29,35,0,68,0
31,30,35,102,102,51
31,31,35,102,153,102
31,19,36,34,34,34
31,21,36,51,102,51
31,30,36,102,102,51
31,31,36,102,153,102
31,19,37,34,34,34
31,21,37,51,102,51
31,30,37,102,102,51
31,19,38,34,34,34
31,21,38,51,102,51
31,19,39,34,34,34
31,21,39,51,102,51
31,19,40,34,34,34
31,21,40,51,102,51
31,23,40,51,102,51
31,19,41,34,34,34
31,22,41,51,102,0
31,23,41,0,68,0
31,19,42,34,34,34
31,23,42,0,68,0
31,24,42,102,153,102
31,19,43,34,34,34
31,20,43,51,102,51
31,23,43,102,153,51
31,24,43,102,153,51
31,19,44,34,34,34
31,20,44,51,102,51
31,22,44,51,102,0
31,21,45,51,102,51
31,22,45,51,102,0
32,23,20,0,51,0
32,27,20,102,153,51
32,18,21,34,34,34
32,19,21,34,34,34
32,23,21,0,51,0
32,24,21,0,51,0
32,25,21,51,102,51
32,26,21,51,102,51
32,11,22,51,102,51
32,12,22,51,102,51
32,13,22,51,102,51
32,18,22,34,34,34
32,20,22,51,102,51
32,21,22,51,51,0
32,22,22,102,153,51
32,25,22,34,34,34
32,27,22,51,51,51
32,28,22,51,51,51
32,29,22,51,51,51
32,11,23,51,102,51
32,13,23,0,51,0
32,18,23,34,34,34
32,24,23,102,153,102
32,25,23,34,34,34
32,27,23,51,51,51
32,28,23,51,51,51
32,29,23,51,51,51
32,11,24,51,102,51
32,13,24,51,102,51
32,18,24,34,34,34
32,23,24,51,51,0
32,32,24,102,153,102
32,11,25,68,68,68
32,13,25,51,51,51
32,18,25,34,34,34
32,22,25,102,153,51
32,23,25,51,51,0
32,26,25,51,51,0
32,28,25,51,102,51
32,29,25,102,153,102
32,30,25,153,204,102
32,31,25,102,153,102
32,32,25,102,153,102
32,11,26,68,68,68
32,12,26,34,34,34
32,13,26,51,51,51
32,18,26,34,34,34
32,22,26,102,153,51
32,23,26,51,51,0
32,24,26,102,153,102
32,25,26,34,34,34
32,26,26,51,51,0
32,27,26,34,34,34
32,28,26,51,102,51
32,29,26,102,153,102
32,30,26,153,204,102
32,32,26,102,153,102
32,18,27,34,34,34
32,21,27,51,51,0
32,22,27,102,153,51
32,23,27,51,51,0
32,24,27,102,153,102
32,25,27,34,34,34
32,26,27,51,51,0
32,30,27,153,204,102
32,31,27,102,153,102
32,32,27,102,153,102
32,18,28,34,34,34
32,20,28,51,102,51
32,21,28,51,51,0
32,30,28,153,204,102
32,31,28,102,153,102
32,32,28,102,153,51
32,0,29,68,68,68
32,18,29,34,34,34
32,31,29,102,153,102
32,32,29,102,153,51
32,0,30,68,68,68
32,1,30,68,68,68
32,18,30,34,34,34
32,32,30,102,153,51
32,0,31,68,68,68
32,1,31,68,68,68
32,18,31,34,34,34
32,31,31,102,153,102
32,0,32,68,68,68
32,2,32,119,119,119
32,18,32,34,34,34
32,31,32,102,153,102
32,0,33,68,68,68
32,1,33,68,68,68
32,2,33,119,119,119
32,18,33,34,34,34
32,30,33,153,204,102
32,0,34,68,68,68
32,18,34,34,34,34
32,31,34,102,153,51
32,0,35,68,68,68
32,18,35,34,34,34
32,23,35,51,51,0
32,24,35,102,153,102
32,25,35,34,34,34
32,27,35,51,102,51
32,28,35,51,102,51
32,29,35,102,153,102
32,31,35,102,153,51
32,0,36,68,68,68
32,18,36,34,34,34
32,21,36,51,51,0
32,22,36,102,153,51
32,26,36,51,51,0
32,30,36,102,153,51
32,31,36,102,153,51
32,18,37,34,34,34
32,21,37,51,51,0
32,30,37,153,204,102
32,31,37,102,153,102
32,18,38,34,34,34
32,21,38,51,51,0
32,18,39,34,34,34
32,20,39,51,102,51
32,18,40,34,34,34
32,21,40,51,51,0
32,18,41,34,34,34
32,22,41,102,153,51
32,18,42,34,34,34
32,19,42,34,34,34
32,20,42,0,51,0
32,22,42,102,153,51
32,21,43,51,51,0
32,22,43,102,153,51
32,21,44,51,51,0
32,22,44,102,153,51
32,21,45,51,51,0
32,22,45,102,153,51
33,27,20,51,102,51
33,28,20,102,153,51
33,18,21,51,51,51
33,20,21,102,102,51
33,23,21,0,51,0
33,24,21,0,51,0
33,25,21,51,102,51
33,26,21,51,102,51
33,27,21,51,102,51
33,28,21,102,102,51
33,11,22,0,51,0
33,12,22,0,51,0
33,13,22,0,51,0
33,18,22,51,51,51
33,19,22,34,34,34
33,20,22,102,102,51
33,23,22,102,102,51
33,26,22,51,51,0
33,29,22,51,51,51
33,11,23,51,102,51
33,12,23,51,102,51
33,13,23,51,102,51
33,18,23,51,51,51
33,21,23,34,34,34
33,22,23,102,153,51
33,26,23,51,51,0
33,30,23,51,102,0
33,31,23,102,153,51
33,32,23,102,153,51
33,11,24,51,102,51
33,12,24,51,102,51
33,13,24,0,51,0
33,18,24,51,51,51
33,24,24,51,102,51
33,25,24,102,153,51
33,26,24,51,51,0
33,27,24,51,51,0
33,28,24,102,102,51
33,29,24,51,102,51
33,30,24,51,102,0
33,31,24,102,153,51
33,32,24,102,153,51
33,11,25,153,153,153
33,13,25,51,51,51
33,18,25,51,51,51
33,24,25,51,102,51
33,25,25,102,153,51
33,27,25,51,51,0
33,32,25,153,204,102
33,12,26,51,51,0
33,13,26,51,51,51
33,18,26,51,51,51
33,32,26,153,204,102
33,18,27,51,51,51
33,32,27,153,204,102
33,18,28,51,51,51
33,19,28,34,34,34
33,20,28,102,102,51
33,21,28,34,34,34
33,22,28,102,153,51
33,23,28,102,102,51
33,32,28,102,153,51
33,0,29,68,68,68
33,18,29,51,51,51
33,19,29,34,34,34
33,20,29,102,102,51
33,21,29,34,34,34
33,22,29,102,153,51
33,23,29,102,102,51
33,32,29,102,153,51
33,0,30,68,68,68
33,1,30,102,102,102
33,18,30,51,51,51
33,31,30,102,153,51
33,0,31,68,68,68
33,2,31,102,102,102
33,18,31,51,51,51
33,31,31,102,153,51
33,0,32,68,68,68
33,3,32,119,119,119
33,18,32,51,51,51
33,31,32,102,153,51
33,0,33,68,68,68
33,3,33,119,119,119
33,18,33,51,51,51
33,31,33,102,153,51
33,1,34,102,102,102
33,2,34,102,102,102
33,18,34,51,51,51
33,32,34,102,153,51
33,0,35,68,68,68
33,18,35,51,51,51
33,21,35,34,34,34
33,22,35,102,153,51
33,23,35,102,102,51
33,24,35,51,102,51
33,27,35,51,51,0
33,28,35,102,102,51
33,29,35,51,102,51
33,31,35,102,153,51
33,0,36,68,68,68
33,18,36,51,51,51
33,20,36,102,102,51
33,25,36,102,153,51
33,26,36,102,153,51
33,30,36,102,153,51
33,32,36,102,153,51
33,18,37,51,51,51
33,21,37,34,34,34
33,30,37,51,102,0
33,31,37,102,153,51
33,18,38,51,51,51
33,20,38,102,102,51
33,31,38,102,153,51
33,18,39,51,51,51
33,20,39,102,102,51
33,18,40,51,51,51
33,20,40,102,102,51
33,18,41,51,51,51
33,21,41,34,34,34
33,18,42,51,51,51
33,19,42,34,34,34
33,20,42,102,102,51
33,21,42,34,34,34
33,18,43,51,51,51
34,26,18,102,153,51
34,27,18,102,153,51
34,28,18,102,153,51
34,26,19,102,153,51
34,27,19,102,153,51
34,28,19,102,153,51
34,24,20,0,51,0
34,25,20,51,102,51
34,26,20,51,102,51
34,29,20,102,153,51
34,18,21,34,34,34
34,23,21,0,51,0
34,29,21,102,153,51
34,30,21,102,153,51
34,17,22,51,51,51
34,18,22,34,34,34
34,22,22,51,102,51
34,30,22,102,153,51
34,18,23,34,34,34
34,19,23,51,102,51
34,20,23,51,102,51
34,21,23,34,34,34
34,31,23,153,204,102
34,32,23,153,204,102
34,18,24,34,34,34
34,32,24,102,153,51
34,12,25,51,51,51
34,18,25,34,34,34
34,32,25,153,153,102
34,12,26,51,51,51
34,13,26,34,34,34
34,15,26,51,51,51
34,18,26,34,34,34
34,20,26,51,102,51
34,21,26,34,34,34
34,22,26,51,102,51
34,32,26,153,204,102
34,18,27,34,34,34
34,19,27,34,34,34
34,20,27,51,102,51
34,21,27,34,34,34
34,22,27,51,102,51
34,23,27,102,153,102
34,32,27,153,204,102
34,24,28,34,34,34
34,32,28,102,153,51
34,0,29,68,68,68
34,24,29,34,34,34
34,32,29,102,153,51
34,0,30,68,68,68
34,1,30,34,34,34
34,19,30,34,34,34
34,20,30,51,102,51
34,21,30,34,34,34
34,22,30,51,102,51
34,23,30,102,153,102
34,32,30,102,153,51
34,0,31,68,68,68
34,2,31,102,102,102
34,3,31,119,119,119
34,19,31,34,34,34
34,32,31,102,153,51
34,0,32,68,68,68
34,3,32,119,119,119
34,14,32,68,68,68
34,15,32,51,51,51
34,16,32,51,51,51
34,19,32,34,34,34
34,32,32,102,153,51
34,0,33,68,68,68
34,3,33,119,119,119
34,14,33,68,68,68
34,15,33,51,51,51
34,16,33,51,51,51
34,17,33,51,51,51
34,18,33,34,34,34
34,32,33,102,153,102
34,0,34,68,68,68
34,1,34,34,34,34
34,2,34,102,102,102
34,3,34,119,119,119
34,14,34,68,68,68
34,15,34,51,51,51
34,16,34,51,51,51
34,17,34,51,51,51
34,32,34,102,153,51
34,0,35,68,68,68
34,16,35,51,51,51
34,17,35,51,51,51
34,23,35,102,153,102
34,24,35,34,34,34
34,27,35,51,51,51
34,28,35,102,102,102
34,29,35,51,102,51
34,31,35,102,153,51
34,0,36,68,68,68
34,18,36,34,34,34
34,21,36,34,34,34
34,22,36,51,102,51
34,25,36,102,153,51
34,26,36,102,153,51
34,30,36,102,153,51
34,31,36,102,153,51
34,32,36,102,153,51
34,0,37,68,68,68
34,1,37,34,34,34
34,18,37,34,34,34
34,21,37,34,34,34
34,26,37,102,153,51
34,30,37,51,102,51
34,31,37,102,153,102
34,18,38,34,34,34
34,20,38,51,102,51
34,30,38,51,102,51
34,31,38,102,153,102
34,18,39,34,34,34
34,20,39,51,102,51
34,17,40,51,51,51
34,20,40,51,102,51
34,18,41,34,34,34
34,20,41,51,102,51
34,18,42,34,34,34
34,19,42,34,34,34
34,20,42,0,51,0
34,18,43,34,34,34
35,26,18,51,102,51
35,27,18,51,102,51
35,26,19,102,153,51
35,27,19,102,153,51
35,24,20,51,102,51
35,26,20,102,153,51
35,28,20,51,102,51
35,29,20,102,153,51
35,30,20,102,153,51
35,23,21,102,153,102
35,25,21,102,153,51
35,30,21,102,153,51
35,20,22,102,102,51
35,21,22,102,102,51
35,22,22,102,153,51
35,23,22,102,153,102
35,28,22,51,51,51
35,31,22,102,153,51
35,17,23,34,34,34
35,18,23,34,34,34
35,19,23,51,102,51
35,22,23,102,153,51
35,23,23,102,153,102
35,31,23,102,153,51
35,17,24,34,34,34
35,22,24,102,153,51
35,23,24,102,153,102
35,31,24,102,153,51
35,12,25,68,68,68
35,18,25,34,34,34
35,19,25,51,102,51
35,20,25,102,102,51
35,21,25,102,102,51
35,22,25,102,153,51
35,31,25,153,153,102
35,10,26,68,68,68
35,11,26,68,68,68
35,13,26,51,51,51
35,14,26,34,34,34
35,15,26,34,34,34
35,18,26,34,34,34
35,19,26,51,102,51
35,23,26,102,153,102
35,31,26,102,153,51
35,10,27,68,68,68
35,11,27,68,68,68
35,12,27,68,68,68
35,23,27,102,153,102
35,29,27,102,153,0
35,30,27,153,204,102
35,31,27,102,153,51
35,10,28,68,68,68
35,11,28,68,68,68
35,12,28,68,68,68
35,24,28,51,102,51
35,30,28,153,204,102
35,31,28,102,153,51
35,10,29,68,68,68
35,11,29,68,68,68
35,24,29,51,102,51
35,30,29,102,153,51
35,31,29,102,153,51
35,0,30,102,102,102
35,1,30,85,85,85
35,8,30,85,85,85
35,9,30,85,85,85
35,10,30,68,68,68
35,19,30,51,102,51
35,20,30,102,102,51
35,21,30,102,102,51
35,22,30,102,153,51
35,23,30,102,153,102
35,29,30,102,153,51
35,30,30,102,153,51
35,31,30,102,153,51
35,0,31,102,102,102
35,2,31,102,102,102
35,7,31,102,102,102
35,8,31,85,85,85
35,9,31,85,85,85
35,10,31,68,68,68
35,19,31,51,102,51
35,31,31,102,153,51
35,0,32,102,102,102
35,3,32,85,85,85
35,4,32,119,119,119
35,5,32,102,102,102
35,6,32,102,102,102
35,7,32,102,102,102
35,8,32,85,85,85
35,9,32,85,85,85
35,10,32,68,68,68
35,11,32,68,68,68
35,12,32,68,68,68
35,13,32,51,51,51
35,14,32,34,34,34
35,15,32,34,34,34
35,16,32,34,34,34
35,19,32,51,102,51
35,31,32,102,153,51
35,0,33,102,102,102
35,4,33,119,119,119
35,5,33,102,102,102
35,6,33,102,102,102
35,7,33,102,102,102
35,8,33,85,85,85
35,10,33,68,68,68
35,11,33,68,68,68
35,12,33,68,68,68
35,14,33,34,34,34
35,16,33,34,34,34
35,17,33,34,34,34
35,18,33,34,34,34
35,31,33,102,153,51
35,0,34,102,102,102
35,3,34,85,85,85
35,4,34,119,119,119
35,5,34,102,102,102
35,10,34,68,68,68
35,14,34,34,34,34
35,15,34,34,34,34
35,16,34,34,34,34
35,17,34,34,34,34
35,31,34,102,153,51
35,0,35,102,102,102
35,1,35,85,85,85
35,2,35,102,102,102
35,10,35,68,68,68
35,16,35,34,34,34
35,17,35,34,34,34
35,18,35,34,34,34
35,23,35,102,153,102
35,27,35,17,17,17
35,28,35,51,51,51
35,29,35,102,153,0
35,31,35,102,153,51
35,0,36,102,102,102
35,1,36,85,85,85
35,2,36,102,102,102
35,10,36,68,68,68
35,11,36,68,68,68
35,19,36,51,102,51
35,22,36,102,153,51
35,24,36,51,102,51
35,25,36,102,102,51
35,26,36,51,102,51
35,30,36,102,153,51
35,0,37,102,102,102
35,1,37,85,85,85
35,10,37,68,68,68
35,11,37,68,68,68
35,12,37,68,68,68
35,19,37,51,102,51
35,21,37,102,102,51
35,26,37,102,153,51
35,30,37,153,204,102
35,31,37,102,153,51
35,11,38,68,68,68
35,12,38,68,68,68
35,18,38,34,34,34
35,20,38,102,102,51
35,11,39,68,68,68
35,12,39,68,68,68
35,13,39,51,51,51
35,18,39,34,34,34
35,20,39,102,102,51
35,11,40,68,68,68
35,12,40,68,68,68
35,18,40,34,34,34
35,19,40,51,102,51
35,26,40,102,153,51
35,18,41,34,34,34
35,19,41,51,102,51
35,25,41,102,102,51
35,26,41,102,153,51
35,18,42,34,34,34
35,19,42,51,102,51
35,25,42,102,102,51
35,26,42,102,153,51
35,26,43,102,153,51
35,26,44,102,153,51
36,26,18,51,102,51
36,27,18,51,102,51
36,26,19,102,153,51
36,27,19,51,102,51
36,28,19,102,153,51
36,23,20,51,102,51
36,26,20,102,153,51
36,29,20,102,153,51
36,18,21,102,102,51
36,23,21,51,102,51
36,24,21,51,102,51
36,25,21,51,102,51
36,28,21,102,153,51
36,29,21,102,153,51
36,18,22,102,102,51
36,20,22,51,102,51
36,21,22,51,51,0
36,22,22,51,102,51
36,24,22,51,102,51
36,25,22,51,102,51
36,27,22,51,102,51
36,29,22,102,153,51
36,30,22,102,153,51
36,31,22,102,153,51
36,32,22,102,153,51
36,18,23,102,102,51
36,19,23,51,102,51
36,21,23,51,51,0
36,24,23,34,34,34
36,25,23,51,102,51
36,28,23,102,153,51
36,32,23,102,153,51
36,18,24,102,102,51
36,19,24,51,102,51
36,20,24,51,102,51
36,21,24,51,51,0
36,24,24,34,34,34
36,31,24,102,153,51
36,12,25,51,51,51
36,22,25,51,51,0
36,23,25,51,102,51
36,27,25,34,34,34
36,28,25,102,153,51
36,29,25,153,204,102
36,30,25,153,204,102
36,31,25,153,204,102
36,11,26,51,51,51
36,13,26,51,51,51
36,14,26,34,34,34
36,15,26,34,34,34
36,23,26,51,102,51
36,27,26,34,34,34
36,29,26,153,204,102
36,30,26,153,204,102
36,31,26,153,204,102
36,11,27,51,51,51
36,12,27,51,51,51
36,23,27,51,102,51
36,27,27,34,34,34
36,28,27,102,153,51
36,31,27,153,204,102
36,11,28,51,51,51
36,12,28,51,51,51
36,24,28,34,34,34
36,26,28,34,34,34
36,27,28,34,34,34
36,28,28,51,102,51
36,29,28,102,153,51
36,31,28,102,153,51
36,11,29,51,51,51
36,24,29,34,34,34
36,27,29,102,153,51
36,28,29,102,153,51
36,29,29,102,153,51
36,0,30,153,153,153
36,1,30,102,102,102
36,11,30,51,51,51
36,19,30,51,102,51
36,20,30,51,102,51
36,21,30,51,51,0
36,22,30,51,51,0
36,23,30,51,102,51
36,28,30,102,153,51
36,0,31,153,153,153
36,1,31,102,102,102
36,2,31,85,85,85
36,11,31,51,51,51
36,12,31,51,51,51
36,19,31,51,102,51
36,29,31,102,153,51
36,30,31,102,153,51
36,0,32,153,153,153
36,3,32,68,68,68
36,4,32,102,102,51
36,11,32,51,51,51
36,13,32,51,51,51
36,14,32,34,34,34
36,15,32,34,34,34
36,19,32,51,102,51
36,30,32,102,153,51
36,0,33,153,153,153
36,5,33,85,85,85
36,6,33,68,68,68
36,7,33,68,68,68
36,8,33,68,68,68
36,10,33,68,68,68
36,11,33,51,51,51
36,12,33,51,51,51
36,14,33,34,34,34
36,15,33,34,34,34
36,18,33,102,102,51
36,30,33,102,102,51
36,0,34,153,153,153
36,3,34,68,68,68
36,4,34,102,102,51
36,5,34,85,85,85
36,10,34,68,68,68
36,14,34,34,34,34
36,15,34,34,34,34
36,18,34,102,102,51
36,31,34,102,153,51
36,0,35,153,153,153
36,1,35,102,102,102
36,2,35,85,85,85
36,3,35,68,68,68
36,10,35,68,68,68
36,18,35,102,102,51
36,27,35,34,34,34
36,28,35,102,153,51
36,29,35,153,204,102
36,31,35,102,153,51
36,10,36,68,68,68
36,11,36,51,51,51
36,18,36,102,102,51
36,22,36,51,51,0
36,23,36,51,102,51
36,24,36,34,34,34
36,25,36,51,102,51
36,26,36,102,153,51
36,30,36,102,153,51
36,0,37,153,153,153
36,1,37,102,102,102
36,10,37,68,68,68
36,12,37,51,51,51
36,19,37,51,102,51
36,21,37,51,51,0
36,26,37,51,102,51
36,30,37,102,102,51
36,31,37,102,153,51
36,11,38,51,51,51
36,12,38,51,51,51
36,19,38,51,102,51
36,20,38,51,102,51
36,26,38,102,153,51
36,11,39,51,51,51
36,13,39,51,51,51
36,14,39,34,34,34
36,18,39,102,102,51
36,19,39,51,102,51
36,26,39,51,102,51
36,11,40,51,51,51
36,12,40,51,51,51
36,18,40,102,102,51
36,19,40,51,102,51
36,26,40,51,102,51
36,18,41,102,102,51
36,25,41,51,102,51
36,26,41,102,153,51
36,24,42,34,34,34
36,26,42,102,153,51
36,24,43,34,34,34
36,25,43,51,102,51
36,26,43,102,153,51
36,24,44,102,153,51
36,25,44,51,102,51
36,25,45,51,102,51
37,22,20,51,102,51
37,23,20,51,102,51
37,26,20,102,153,51
37,27,20,102,153,51
37,28,20,102,153,51
37,29,20,102,153,51
37,30,20,102,153,51
37,31,20,102,153,51
37,21,21,34,34,34
37,22,21,51,102,51
37,26,21,102,153,51
37,30,21,102,153,51
37,31,21,102,153,51
37,20,22,51,51,51
37,21,22,34,34,34
37,26,22,51,102,51
37,27,22,102,153,51
37,28,22,102,153,51
37,32,22,102,153,51
37,19,23,51,102,51
37,20,23,51,51,51
37,21,23,34,34,34
37,26,23,0,34,0
37,27,23,102,153,51
37,28,23,102,153,51
37,31,23,102,153,51
37,32,23,102,153,51
37,19,24,51,102,51
37,20,24,51,51,51
37,21,24,34,34,34
37,24,24,51,51,51
37,25,24,102,102,51
37,26,24,0,34,0
37,27,24,51,51,51
37,28,24,102,153,51
37,29,24,51,102,51
37,30,24,102,153,51
37,10,25,51,51,51
37,11,25,51,51,51
37,12,25,51,51,51
37,22,25,51,102,51
37,23,25,51,51,0
37,24,25,51,51,51
37,25,25,102,102,51
37,26,25,0,34,0
37,11,26,51,51,51
37,13,26,34,34,34
37,14,26,34,34,34
37,23,26,51,51,0
37,24,26,51,51,51
37,25,26,102,102,51
37,26,26,0,34,0
37,28,26,102,153,51
37,11,27,51,51,51
37,13,27,34,34,34
37,14,27,34,34,34
37,24,27,51,51,51
37,25,27,102,102,51
37,26,27,0,34,0
37,28,27,102,153,51
37,11,28,51,51,51
37,12,28,51,51,51
37,13,28,34,34,34
37,24,28,51,51,51
37,25,28,102,102,51
37,29,28,102,153,51
37,11,29,51,51,51
37,24,29,51,51,51
37,25,29,102,102,51
37,26,29,0,34,0
37,29,29,102,153,51
37,0,30,102,102,102
37,1,30,17,17,17
37,11,30,51,51,51
37,19,30,51,102,51
37,20,30,51,51,51
37,21,30,34,34,34
37,22,30,51,102,51
37,23,30,51,51,0
37,27,30,102,153,51
37,28,30,102,153,51
37,29,30,102,153,51
37,0,31,102,102,102
37,11,31,51,51,51
37,12,31,51,51,51
37,19,31,51,102,51
37,29,31,102,153,51
37,0,32,102,102,102
37,1,32,17,17,17
37,2,32,102,102,102
37,3,32,102,102,102
37,4,32,170,170,170
37,11,32,51,51,51
37,13,32,153,153,102
37,14,32,34,34,34
37,19,32,51,102,51
37,30,32,102,153,51
37,0,33,102,102,102
37,2,33,102,102,102
37,3,33,102,102,102
37,4,33,170,170,170
37,5,33,102,102,102
37,6,33,68,68,68
37,7,33,85,85,85
37,8,33,68,68,68
37,9,33,68,68,68
37,10,33,51,51,51
37,11,33,51,51,51
37,12,33,51,51,51
37,14,33,34,34,34
37,18,33,51,102,51
37,30,33,102,153,51
37,0,34,102,102,102
37,2,34,102,102,102
37,8,34,68,68,68
37,9,34,68,68,68
37,10,34,51,51,51
37,11,34,51,51,51
37,14,34,34,34,34
37,18,34,51,102,51
37,30,34,102,153,51
37,0,35,102,102,102
37,1,35,17,17,17
37,2,35,102,102,102
37,9,35,68,68,68
37,10,35,51,51,51
37,11,35,51,51,51
37,18,35,51,102,51
37,27,35,51,51,51
37,28,35,51,102,51
37,29,35,51,102,51
37,30,35,153,153,102
37,9,36,68,68,68
37,10,36,51,51,51
37,11,36,51,51,51
37,12,36,51,51,51
37,13,36,34,34,34
37,14,36,34,34,34
37,18,36,51,102,51
37,19,36,51,102,51
37,22,36,51,102,51
37,23,36,51,51,0
37,26,36,0,34,0
37,30,36,153,153,102
37,0,37,102,102,102
37,10,37,51,51,51
37,11,37,51,51,51
37,13,37,34,34,34
37,14,37,34,34,34
37,20,37,51,51,51
37,21,37,34,34,34
37,24,37,51,51,51
37,25,37,102,102,51
37,26,37,102,153,51
37,30,37,153,153,102
37,11,38,51,51,51
37,13,38,34,34,34
37,20,38,51,51,51
37,26,38,102,153,51
37,11,39,51,51,51
37,13,39,34,34,34
37,14,39,34,34,34
37,26,39,51,102,51
37,11,40,51,51,51
37,12,40,51,51,51
37,26,40,51,102,51
37,24,41,51,51,51
37,25,41,102,102,51
37,26,41,102,153,51
37,24,42,51,51,51
37,26,42,102,153,51
37,23,43,51,51,0
37,26,43,102,153,51
37,23,44,51,51,0
37,25,44,102,102,51
37,22,45,51,102,51
37,23,45,51,51,0
37,24,45,51,51,51
37,25,45,102,102,51
37,24,46,102,153,51
37,25,46,102,102,51
38,29,19,102,153,51
38,26,20,51,102,51
38,27,20,102,153,51
38,28,20,51,102,51
38,30,20,102,153,51
38,31,20,153,153,102
38,26,21,102,153,51
38,27,21,51,102,51
38,31,21,153,153,102
38,28,22,51,102,51
38,31,22,102,153,51
38,32,22,102,153,51
38,13,23,34,34,34
38,29,23,102,153,51
38,30,23,102,153,51
38,12,24,34,34,34
38,13,24,34,34,34
38,27,24,51,102,51
38,28,24,102,153,51
38,30,24,102,153,51
38,12,25,34,34,34
38,13,25,34,34,34
38,28,25,102,153,51
38,29,25,102,153,51
38,12,26,34,34,34
38,13,26,34,34,34
38,28,26,102,153,51
38,29,26,102,153,51
38,12,27,34,34,34
38,13,27,34,34,34
38,23,27,51,102,51
38,24,27,51,102,0
38,12,28,34,34,34
38,13,28,34,34,34
38,24,29,68,68,68
38,1,30,102,102,102
38,20,30,102,153,51
38,21,30,102,153,102
38,22,30,34,34,34
38,23,30,51,102,51
38,24,30,51,102,0
38,25,30,102,153,51
38,26,30,153,204,153
38,27,30,102,153,51
38,1,31,102,102,102
38,12,31,34,34,34
38,20,31,102,153,51
38,27,31,102,153,51
38,28,31,102,153,51
38,29,31,102,153,51
38,1,32,102,102,102
38,12,32,34,34,34
38,13,32,34,34,34
38,20,32,102,153,51
38,29,32,102,153,51
38,1,33,102,102,102
38,12,33,34,34,34
38,13,33,34,34,34
38,14,33,34,34,34
38,19,33,51,102,51
38,28,33,102,153,102
38,29,33,51,102,51
38,30,33,51,102,51
38,1,34,102,102,102
38,14,34,34,34,34
38,19,34,51,102,51
38,28,34,102,153,102
38,29,34,102,153,51
38,30,34,102,153,102
38,1,35,102,102,102
38,14,35,34,34,34
38,19,35,51,102,51
38,28,35,102,153,102
38,29,35,102,153,51
38,30,35,153,153,102
38,12,36,34,34,34
38,13,36,34,34,34
38,14,36,34,34,34
38,19,36,51,102,51
38,27,36,51,102,51
38,28,36,102,153,102
38,29,36,102,153,51
38,30,36,153,153,102
38,12,37,34,34,34
38,14,37,34,34,34
38,20,37,102,153,51
38,21,37,102,153,102
38,22,37,34,34,34
38,23,37,51,102,51
38,24,37,51,102,0
38,27,37,102,153,51
38,28,37,51,102,51
38,29,37,102,153,51
38,30,37,153,153,102
38,12,38,34,34,34
38,13,38,34,34,34
38,25,38,102,153,51
38,27,38,102,153,51
38,28,38,102,153,51
38,29,38,102,153,51
38,12,39,34,34,34
38,13,39,34,34,34
38,14,39,34,34,34
38,26,39,51,102,51
38,27,39,51,102,51
38,28,39,51,102,51
38,29,39,102,153,51
38,12,40,34,34,34
38,25,40,102,153,51
38,27,40,102,153,51
38,28,40,51,102,51
38,25,41,102,153,51
38,27,41,102,153,51
38,28,41,102,153,51
38,24,42,51,102,0
38,27,42,102,153,51
38,22,43,34,34,34
38,23,43,51,102,51
38,27,43,102,153,51
38,21,44,102,153,102
38,22,44,34,34,34
38,26,44,102,153,51
38,27,44,102,153,51
38,21,45,0,51,0
38,26,45,153,204,153
38,27,45,51,102,51
38,22,46,0,51,0
38,23,46,51,102,51
38,24,46,102,153,51
38,25,46,51,102,51
38,26,46,153,204,153
39,26,19,102,153,51
39,27,19,102,153,51
39,28,19,51,102,51
39,26,20,51,102,51
39,27,20,51,102,51
39,29,20,102,153,51
39,30,20,102,153,51
39,31,20,102,153,51
39,28,21,51,102,51
39,31,21,153,204,102
39,28,22,51,102,51
39,29,22,51,102,51
39,31,22,102,153,51
39,12,23,51,51,51
39,13,23,34,34,34
39,28,23,51,102,51
39,30,23,102,153,51
39,12,24,51,51,51
39,13,24,51,51,51
39,28,24,102,153,51
39,29,24,51,102,51
39,30,24,102,153,51
39,28,25,102,153,51
39,29,25,102,153,51
39,28,26,102,153,51
39,29,26,102,153,51
39,23,29,68,68,68
39,0,30,51,102,51
39,20,30,102,153,102
39,21,30,102,153,51
39,22,30,51,102,51
39,23,30,51,102,51
39,25,30,51,51,0
39,26,30,102,153,51
39,0,31,51,102,51
39,20,31,102,153,102
39,24,31,51,102,51
39,26,31,102,153,51
39,0,32,51,102,51
39,20,32,102,153,102
39,27,32,102,153,51
39,28,32,102,153,51
39,29,32,102,153,51
39,30,32,102,153,51
39,0,33,51,102,51
39,1,33,51,102,51
39,15,33,102,102,51
39,16,33,51,51,0
39,18,33,51,102,51
39,19,33,102,102,51
39,27,33,0,34,0
39,0,34,51,102,51
39,15,34,102,102,51
39,16,34,51,51,0
39,18,34,51,102,51
39,27,34,0,34,0
39,0,35,51,102,51
39,15,35,102,102,51
39,16,35,51,51,0
39,18,35,51,102,51
39,27,35,0,34,0
39,12,36,51,51,51
39,13,36,34,34,34
39,14,36,17,17,17
39,15,36,102,102,51
39,16,36,51,51,0
39,18,36,0,51,0
39,19,36,102,102,51
39,20,36,102,153,102
39,27,36,0,34,0
39,12,37,51,51,51
39,14,37,17,17,17
39,21,37,0,51,0
39,22,37,51,102,51
39,23,37,51,102,51
39,24,37,51,102,51
39,28,37,102,153,51
39,29,37,102,153,51
39,30,37,102,153,51
39,12,38,51,51,51
39,13,38,34,34,34
39,25,38,51,51,0
39,29,38,102,153,51
39,12,39,51,51,51
39,14,39,17,17,17
39,25,39,51,51,0
39,28,39,17,17,17
39,12,40,51,51,51
39,13,40,34,34,34
39,14,40,17,17,17
39,25,40,102,153,51
39,28,40,17,17,17
39,25,41,102,153,51
39,28,41,17,17,17
39,24,42,102,153,51
39,28,42,17,17,17
39,21,43,102,153,51
39,23,43,51,102,51
39,27,43,51,102,51
39,21,44,0,51,0
39,22,44,51,102,51
39,27,44,0,34,0
39,21,45,0,51,0
39,27,45,0,34,0
39,21,46,0,51,0
39,22,46,51,102,51
39,23,46,51,102,51
39,24,46,102,153,51
39,25,46,102,153,51
39,26,46,102,153,51
40,27,17,51,102,51
40,28,17,102,153,51
40,27,18,102,153,51
40,28,18,102,153,51
40,30,18,153,153,102
40,26,19,102,153,51
40,27,19,102,153,51
40,28,19,102,153,51
40,29,19,102,153,51
40,30,19,102,153,51
40,26,20,102,153,51
40,29,20,102,153,51
40,31,20,153,153,102
40,28,21,51,102,51
40,29,21,102,153,51
40,31,21,102,153,51
40,28,22,51,102,51
40,30,22,102,153,51
40,31,22,102,153,51
40,12,23,51,51,51
40,13,23,51,51,51
40,28,23,51,102,51
40,30,23,102,153,51
40,31,23,102,153,51
40,12,24,51,51,51
40,13,24,51,51,51
40,28,24,51,102,51
40,29,24,51,102,51
40,30,24,102,153,51
40,29,25,51,102,51
40,20,29,68,68,68
40,21,29,68,68,68
40,22,29,68,68,68
40,23,29,68,68,68
40,20,30,51,102,0
40,21,30,102,153,51
40,22,30,0,34,0
40,23,30,51,51,51
40,27,30,102,153,51
40,20,31,51,102,0
40,21,31,102,153,51
40,22,31,0,34,0
40,24,31,102,153,51
40,25,31,102,153,51
40,26,31,153,153,102
40,0,32,51,102,51
40,20,32,51,102,0
40,24,32,102,153,51
40,25,32,102,153,51
40,27,32,102,153,51
40,0,33,51,102,51
40,15,33,68,68,68
40,16,33,34,34,34
40,17,33,51,51,51
40,18,33,51,102,51
40,19,33,51,102,51
40,27,33,153,153,102
40,0,34,51,102,51
40,15,34,68,68,68
40,17,34,51,51,51
40,27,34,102,153,51
40,15,35,68,68,68
40,17,35,51,51,51
40,27,35,102,153,51
40,12,36,51,51,51
40,13,36,51,51,51
40,14,36,34,34,34
40,15,36,68,68,68
40,16,36,34,34,34
40,18,36,0,51,0
40,19,36,51,102,51
40,20,36,51,102,0
40,21,36,102,153,51
40,27,36,102,153,51
40,12,37,51,51,51
40,14,37,34,34,34
40,16,37,34,34,34
40,22,37,0,34,0
40,23,37,51,51,51
40,28,37,51,102,51
40,29,37,102,153,51
40,12,38,51,51,51
40,13,38,51,51,51
40,24,38,102,153,51
40,27,38,102,153,51
40,28,38,51,102,51
40,29,38,102,153,51
40,12,39,51,51,51
40,13,39,51,51,51
40,25,39,102,153,51
40,27,39,102,153,51
40,28,39,51,102,51
40,12,40,51,51,51
40,13,40,51,51,51
40,14,40,34,34,34
40,15,40,68,68,68
40,25,40,102,153,51
40,27,40,153,153,102
40,28,40,51,102,51
40,25,41,102,153,51
40,28,41,51,102,51
40,23,42,51,51,51
40,24,42,102,153,51
40,28,42,51,102,51
40,20,43,0,51,0
40,21,43,51,102,51
40,23,43,51,51,51
40,26,43,102,153,51
40,27,43,153,153,102
40,20,44,51,102,51
40,22,44,51,102,51
40,26,44,102,153,51
40,21,45,102,153,51
40,26,45,153,204,102
40,21,46,51,102,51
40,22,46,51,102,51
40,23,46,51,102,51
40,24,46,102,153,51
40,25,46,102,153,51
41,27,17,51,102,51
41,28,17,102,153,51
41,27,18,102,153,51
41,28,18,153,153,102
41,26,19,51,102,51
41,27,19,51,102,51
41,29,19,102,153,51
41,19,20,0,51,0
41,28,20,51,102,51
41,30,20,153,204,102
41,31,20,102,153,51
41,17,21,34,34,34
41,18,21,51,102,51
41,19,21,0,51,0
41,28,21,51,102,51
41,31,21,153,204,102
41,15,22,34,34,34
41,16,22,34,34,34
41,17,22,34,34,34
41,18,22,51,102,51
41,19,22,0,51,0
41,28,22,51,102,51
41,29,22,51,102,51
41,31,22,153,204,102
41,12,23,51,51,51
41,13,23,51,51,51
41,14,23,34,34,34
41,15,23,34,34,34
41,16,23,34,34,34
41,17,23,34,34,34
41,28,23,51,102,51
41,30,23,102,153,51
41,31,23,102,153,51
41,12,24,51,51,51
41,13,24,51,51,51
41,15,24,34,34,34
41,16,24,34,34,34
41,17,24,34,34,34
41,28,24,51,102,51
41,30,24,102,153,51
41,15,25,34,34,34
41,16,25,34,34,34
41,17,25,34,34,34
41,15,26,34,34,34
41,16,26,34,34,34
41,17,26,34,34,34
41,19,26,0,51,0
41,15,27,34,34,34
41,16,27,34,34,34
41,17,27,34,34,34
41,18,27,51,102,51
41,17,28,34,34,34
41,18,28,51,102,51
41,21,28,68,68,68
41,18,29,51,102,51
41,19,29,68,68,68
41,20,29,68,68,68
41,21,29,68,68,68
41,22,29,68,68,68
41,15,30,34,34,34
41,19,30,0,51,0
41,20,30,51,102,51
41,15,31,34,34,34
41,16,31,34,34,34
41,19,31,0,51,0
41,20,31,51,102,51
41,23,31,51,102,51
41,26,31,51,102,51
41,15,32,34,34,34
41,16,32,34,34,34
41,17,32,34,34,34
41,18,32,51,102,51
41,19,32,0,51,0
41,21,32,51,102,51
41,22,32,51,51,51
41,23,32,34,34,34
41,26,32,153,153,102
41,27,32,102,153,51
41,15,33,34,34,34
41,24,33,102,102,51
41,25,33,51,102,51
41,27,33,153,204,102
41,15,34,34,34,34
41,27,34,102,153,51
41,15,35,34,34,34
41,27,35,102,153,51
41,12,36,85,85,85
41,13,36,51,51,51
41,14,36,34,34,34
41,17,36,34,34,34
41,18,36,0,51,0
41,19,36,0,51,0
41,20,36,0,51,0
41,27,36,102,153,51
41,12,37,85,85,85
41,14,37,34,34,34
41,15,37,34,34,34
41,16,37,34,34,34
41,21,37,0,51,0
41,22,37,51,51,51
41,23,37,34,34,34
41,27,37,102,153,51
41,28,37,51,51,51
41,29,37,102,153,102
41,12,38,85,85,85
41,13,38,51,51,51
41,24,38,102,102,51
41,26,38,102,153,51
41,12,39,85,85,85
41,14,39,34,34,34
41,25,39,102,153,51
41,26,39,102,153,51
41,12,40,85,85,85
41,13,40,51,51,51
41,14,40,34,34,34
41,15,40,34,34,34
41,25,40,102,153,51
41,26,40,102,153,51
41,22,41,51,51,51
41,25,41,102,153,51
41,26,41,102,153,51
41,27,41,153,204,102
41,25,42,102,153,51
41,26,42,102,153,51
41,27,42,153,204,102
41,23,43,34,34,34
41,24,43,102,153,51
41,25,43,102,153,51
41,21,44,51,102,51
41,22,44,51,102,51
41,25,44,102,153,51
41,21,45,51,102,51
41,24,45,102,153,51
41,25,45,102,153,51
41,22,46,51,102,51
41,23,46,102,153,51
41,24,46,51,102,51
41,25,46,102,153,51
42,28,18,102,153,51
42,28,19,102,153,51
42,30,19,153,204,102
42,19,20,34,34,34
42,20,20,51,102,51
42,29,20,153,204,102
42,31,20,102,153,51
42,18,21,102,153,51
42,20,21,51,102,51
42,29,21,102,153,51
42,30,21,102,153,51
42,14,22,17,17,17
42,15,22,17,17,17
42,16,22,51,51,51
42,17,22,51,51,51
42,19,22,34,34,34
42,28,22,51,102,51
42,29,22,102,153,51
42,30,22,102,153,51
42,31,22,153,204,102
42,12,23,51,51,51
42,13,23,51,51,51
42,18,23,102,153,51
42,19,23,34,34,34
42,28,23,51,102,51
42,30,23,102,153,51
42,31,23,102,153,51
42,12,24,51,51,51
42,13,24,51,51,51
42,14,24,51,102,51
42,18,24,102,153,51
42,19,24,34,34,34
42,30,24,102,153,51
42,14,25,51,102,51
42,17,25,51,51,51
42,19,25,34,34,34
42,15,26,17,17,17
42,17,26,51,51,51
42,18,26,102,153,51
42,19,26,34,34,34
42,15,27,17,17,17
42,19,27,34,34,34
42,16,28,51,51,51
42,17,28,51,51,51
42,19,28,68,68,68
42,20,28,68,68,68
42,18,29,102,153,51
42,20,29,68,68,68
42,15,30,17,17,17
42,16,30,51,51,51
42,17,30,51,51,51
42,18,30,102,153,51
42,20,30,51,102,51
42,15,31,17,17,17
42,17,31,51,51,51
42,18,31,102,153,51
42,20,31,51,102,51
42,23,31,34,34,34
42,24,31,34,34,34
42,15,32,17,17,17
42,21,32,102,153,51
42,22,32,102,153,102
42,24,32,34,34,34
42,25,32,51,102,51
42,26,32,51,102,51
42,27,32,102,153,51
42,15,33,17,17,17
42,27,33,102,153,102
42,15,34,17,17,17
42,27,34,102,153,51
42,15,35,17,17,17
42,27,35,102,153,51
42,12,36,51,51,51
42,13,36,51,51,51
42,14,36,17,17,17
42,17,36,51,51,51
42,18,36,102,153,51
42,19,36,0,51,0
42,26,36,102,153,51
42,12,37,51,51,51
42,14,37,17,17,17
42,15,37,17,17,17
42,16,37,51,51,51
42,19,37,0,51,0
42,20,37,51,102,51
42,21,37,102,153,51
42,22,37,102,153,102
42,23,37,34,34,34
42,27,37,102,153,51
42,28,37,51,102,0
42,12,38,51,51,51
42,13,38,51,51,51
42,24,38,34,34,34
42,26,38,102,153,51
42,12,39,51,51,51
42,14,39,17,17,17
42,15,39,17,17,17
42,16,39,51,51,51
42,24,39,34,34,34
42,26,39,102,153,51
42,12,40,51,51,51
42,13,40,51,51,51
42,14,40,17,17,17
42,15,40,17,17,17
42,25,40,102,153,51
42,26,40,102,153,51
42,15,41,17,17,17
42,25,41,102,153,51
42,25,42,102,153,51
42,23,43,34,34,34
42,24,43,102,153,51
42,25,43,153,204,102
42,22,44,51,102,51
42,24,44,102,153,51
42,25,44,102,153,51
42,21,45,102,153,51
42,22,45,102,153,102
42,23,45,34,34,34
42,25,45,102,153,51
43,19,18,0,51,0
43,20,18,51,102,51
43,22,18,51,102,51
43,19,19,0,51,0
43,20,19,51,102,51
43,22,19,51,102,51
43,19,20,0,51,0
43,21,20,102,153,51
43,22,20,51,102,51
43,29,20,102,153,51
43,30,20,153,153,102
43,18,21,34,34,34
43,20,21,51,102,51
43,29,21,102,153,51
43,30,21,153,204,102
43,13,22,68,68,68
43,15,22,34,34,34
43,17,22,68,68,68
43,20,22,51,102,51
43,12,23,51,51,51
43,13,23,68,68,68
43,14,23,34,34,34
43,16,23,34,34,34
43,17,23,68,68,68
43,20,23,51,102,51
43,30,23,102,153,51
43,12,24,51,51,51
43,13,24,51,51,51
43,16,24,34,34,34
43,17,24,68,68,68
43,18,24,34,34,34
43,19,24,0,51,0
43,30,24,102,153,51
43,14,25,51,102,51
43,16,25,34,34,34
43,17,25,68,68,68
43,15,26,34,34,34
43,16,26,34,34,34
43,15,27,34,34,34
43,17,27,68,68,68
43,18,27,34,34,34
43,19,27,0,51,0
43,16,28,34,34,34
43,19,28,68,68,68
43,16,29,34,34,34
43,17,29,68,68,68
43,20,29,68,68,68
43,21,29,68,68,68
43,22,29,68,68,68
43,15,30,34,34,34
43,21,30,102,153,51
43,15,31,34,34,34
43,21,31,102,153,51
43,24,31,51,51,51
43,15,32,34,34,34
43,22,32,51,102,51
43,23,32,34,34,34
43,25,32,102,102,51
43,26,32,51,102,51
43,15,33,34,34,34
43,26,33,102,153,51
43,15,34,34,34,34
43,27,34,102,153,51
43,15,35,34,34,34
43,17,35,68,68,68
43,18,35,34,34,34
43,19,35,0,51,0
43,27,35,102,153,51
43,13,36,68,68,68
43,14,36,34,34,34
43,16,36,34,34,34
43,20,36,0,51,0
43,26,36,102,153,51
43,13,37,68,68,68
43,14,37,34,34,34
43,15,37,34,34,34
43,16,37,34,34,34
43,20,37,51,102,51
43,21,37,102,153,51
43,22,37,51,102,51
43,23,37,34,34,34
43,27,37,102,153,51
43,13,38,68,68,68
43,16,38,34,34,34
43,20,38,51,102,51
43,24,38,51,51,51
43,26,38,102,153,51
43,13,39,68,68,68
43,14,39,34,34,34
43,15,39,34,34,34
43,16,39,34,34,34
43,25,39,102,153,51
43,26,39,102,153,51
43,25,40,102,153,51
43,26,40,102,153,51
43,16,41,34,34,34
43,25,41,102,153,51
43,16,42,34,34,34
43,24,42,102,153,51
43,25,42,102,153,51
43,23,43,34,34,34
43,26,43,102,153,51
43,23,44,51,102,51
43,24,44,102,153,51
43,25,44,102,153,51
43,22,45,51,102,51
43,23,45,34,34,34
44,18,18,102,102,51
44,19,18,51,102,51
44,22,18,51,51,51
44,18,19,102,102,51
44,20,19,51,102,51
44,22,19,51,51,51
44,18,20,102,102,51
44,21,20,102,153,102
44,29,20,102,153,51
44,30,20,102,153,51
44,18,21,102,102,51
44,19,21,51,102,51
44,20,21,51,102,51
44,21,21,102,153,102
44,15,22,51,51,0
44,18,22,102,102,51
44,19,22,51,102,51
44,20,22,51,102,51
44,21,22,102,153,102
44,14,23,51,51,51
44,15,23,51,51,0
44,18,23,102,102,51
44,19,23,51,102,51
44,20,23,51,102,51
44,14,24,51,102,51
44,15,24,51,51,0
44,18,24,102,102,51
44,14,25,51,102,51
44,15,25,51,51,0
44,17,25,51,51,51
44,14,26,51,102,51
44,16,26,51,51,51
44,17,26,51,51,51
44,14,27,51,102,51
44,15,27,51,51,0
44,18,27,102,102,51
44,19,27,51,102,51
44,16,28,51,51,51
44,19,28,51,102,51
44,14,29,51,102,51
44,15,29,51,51,0
44,20,29,51,102,51
44,21,29,102,153,102
44,14,30,51,102,51
44,21,30,102,153,102
44,12,31,51,102,51
44,13,31,51,102,51
44,14,31,51,102,51
44,21,31,102,153,102
44,24,31,51,102,51
44,25,31,102,153,102
44,12,32,0,51,0
44,13,32,51,102,51
44,14,32,51,102,51
44,22,32,51,51,51
44,23,32,34,34,34
44,25,32,102,153,102
44,12,33,0,51,0
44,13,33,0,51,0
44,14,33,51,102,51
44,26,33,153,204,153
44,12,34,51,102,51
44,13,34,51,102,51
44,14,34,51,102,51
44,26,34,102,153,51
44,12,35,51,102,51
44,13,35,51,102,51
44,14,35,51,102,51
44,26,35,102,153,51
44,15,36,51,51,0
44,17,36,51,51,51
44,18,36,102,102,51
44,19,36,51,102,51
44,26,36,102,153,51
44,15,37,51,51,0
44,17,37,51,51,51
44,18,37,102,102,51
44,19,37,51,102,51
44,21,37,102,153,102
44,22,37,51,51,51
44,23,37,34,34,34
44,24,37,51,102,51
44,26,37,102,153,51
44,15,38,51,51,0
44,17,38,51,51,51
44,18,38,102,102,51
44,19,38,0,51,0
44,20,38,51,102,51
44,25,38,102,153,51
44,26,38,153,204,102
44,15,39,51,51,0
44,16,39,51,51,51
44,17,39,51,51,51
44,18,39,102,102,51
44,19,39,0,51,0
44,17,40,51,51,51
44,18,40,102,102,51
44,19,40,51,102,51
44,25,40,102,153,51
44,26,40,153,204,102
44,16,41,51,51,51
44,17,41,51,51,51
44,24,41,102,153,51
44,25,41,102,153,51
44,15,42,51,51,0
44,16,42,51,51,51
44,17,42,51,51,51
44,24,42,102,153,51
44,25,42,102,153,51
44,23,43,34,34,34
44,24,43,102,153,51
44,25,43,102,153,51
44,26,43,102,153,51
45,23,17,51,102,51
45,18,18,102,153,51
45,23,18,51,102,51
45,18,19,102,153,51
45,19,19,102,102,51
45,20,19,102,153,102
45,21,19,51,102,0
45,23,19,102,102,51
45,18,20,102,153,51
45,19,20,102,102,51
45,20,20,102,153,102
45,21,20,51,102,0
45,18,21,102,153,51
45,15,22,34,34,34
45,18,22,102,153,51
45,14,23,51,51,0
45,15,23,34,34,34
45,18,23,102,153,51
45,14,24,51,102,51
45,15,24,34,34,34
45,18,24,102,153,51
45,14,25,51,102,51
45,15,25,34,34,34
45,17,25,34,34,34
45,18,25,102,153,51
45,14,26,51,102,51
45,15,26,34,34,34
45,16,26,34,34,34
45,17,26,34,34,34
45,14,27,51,102,51
45,15,27,34,34,34
45,16,27,34,34,34
45,17,27,34,34,34
45,18,27,102,153,51
45,19,27,102,102,51
45,14,28,51,102,51
45,15,28,34,34,34
45,16,28,34,34,34
45,17,28,34,34,34
45,20,28,102,153,102
45,14,29,51,102,51
45,15,29,34,34,34
45,16,29,34,34,34
45,17,29,34,34,34
45,21,29,51,102,0
45,22,29,102,153,51
45,14,30,51,102,51
45,15,30,34,34,34
45,16,30,34,34,34
45,17,30,34,34,34
45,21,30,51,102,0
45,11,31,51,102,51
45,13,31,0,51,0
45,14,31,51,102,51
45,15,31,34,34,34
45,16,31,34,34,34
45,17,31,34,34,34
45,21,31,51,102,0
45,24,31,51,102,51
45,25,31,102,102,51
45,26,31,102,153,51
45,11,32,0,51,0
45,13,32,51,102,51
45,22,32,34,34,34
45,23,32,102,102,51
45,26,32,51,102,51
45,11,33,0,51,0
45,13,33,0,51,0
45,14,33,51,102,51
45,26,33,102,153,51
45,15,34,34,34,34
45,25,34,102,153,51
45,11,35,51,102,51
45,13,35,51,102,51
45,14,35,51,102,51
45,25,35,102,153,51
45,15,36,34,34,34
45,26,36,102,153,51
45,15,37,34,34,34
45,22,37,34,34,34
45,23,37,102,102,51
45,24,37,51,102,51
45,26,37,153,204,102
45,15,38,34,34,34
45,16,38,34,34,34
45,17,38,34,34,34
45,18,38,102,153,51
45,21,38,51,102,0
45,25,38,102,153,51
45,26,38,153,204,102
45,19,39,102,102,51
45,20,39,102,153,102
45,19,40,102,102,51
45,26,40,153,204,102
45,15,42,34,34,34
45,16,42,34,34,34
45,17,42,34,34,34
45,24,42,51,102,51
45,24,43,51,102,51
46,23,17,51,102,51
46,18,18,102,153,102
46,21,18,102,102,51
46,23,18,51,102,51
46,24,18,102,153,51
46,18,19,102,153,102
46,19,19,51,102,51
46,21,19,102,102,51
46,23,19,102,102,51
46,18,20,102,153,102
46,19,20,51,102,51
46,20,20,102,153,102
46,21,20,102,102,51
46,22,20,34,34,34
46,18,21,102,153,102
46,18,22,102,153,102
46,18,25,102,153,102
46,19,25,51,102,51
46,18,26,102,153,102
46,18,27,102,153,102
46,18,28,102,153,102
46,19,28,51,102,51
46,18,29,102,153,102
46,20,29,102,153,102
46,21,29,102,102,51
46,18,30,102,153,102
46,22,30,102,153,51
46,23,30,102,153,51
46,18,31,102,153,102
46,22,31,34,34,34
46,23,31,102,102,51
46,14,32,51,102,51
46,15,32,34,34,34
46,16,32,68,68,68
46,17,32,34,34,34
46,24,32,51,102,51
46,25,32,102,153,51
46,14,33,0,51,0
46,25,33,102,153,51
46,14,34,51,102,51
46,25,34,102,153,51
46,14,35,51,102,51
46,26,35,102,153,51
46,15,36,34,34,34
46,25,36,102,153,51
46,15,37,34,34,34
46,23,37,102,102,51
46,25,37,102,153,51
46,15,38,34,34,34
46,16,38,68,68,68
46,17,38,34,34,34
46,18,38,102,153,102
46,19,38,51,102,51
46,22,38,34,34,34
46,24,38,51,102,51
46,25,38,102,153,51
46,26,38,102,153,51
46,19,39,51,102,51
46,20,39,102,153,102
46,21,39,102,102,51
46,19,40,51,102,51
46,15,42,34,34,34
46,16,42,68,68,68
46,17,42,34,34,34
47,23,17,51,102,51
47,18,18,51,102,51
47,19,18,102,153,51
47,20,18,102,102,51
47,21,18,102,153,51
47,22,18,51,102,51
47,24,18,102,102,51
47,18,19,51,102,51
47,19,19,102,153,51
47,20,19,102,102,51
47,21,19,102,153,51
47,22,19,51,102,51
47,23,19,51,102,51
47,18,20,51,102,51
47,19,20,102,153,51
47,20,20,102,102,51
47,21,20,102,153,51
47,22,20,51,102,51
47,18,21,51,102,51
47,18,22,51,102,51
47,21,24,51,102,51
47,18,25,51,102,51
47,19,25,102,153,51
47,20,25,102,102,51
47,18,26,51,102,51
47,19,26,102,153,51
47,18,27,51,102,51
47,19,27,102,153,51
47,18,28,51,102,51
47,20,28,102,102,51
47,21,28,102,153,51
47,18,29,51,102,51
47,21,29,102,153,51
47,18,30,51,102,51
47,22,30,102,153,51
47,23,30,102,153,51
47,18,31,51,102,51
47,24,31,102,102,51
47,25,31,102,153,51
47,15,32,51,51,51
47,16,32,34,34,34
47,17,32,51,51,0
47,25,32,102,153,102
47,15,33,0,51,0
47,25,33,102,153,102
47,15,34,51,51,51
47,25,34,102,153,102
47,15,35,51,51,51
47,26,35,153,204,102
47,15,36,51,51,51
47,25,36,102,153,102
47,15,37,51,51,51
47,18,37,51,102,51
47,19,37,102,153,51
47,24,37,102,102,51
47,15,38,51,51,51
47,17,38,51,51,0
47,20,38,102,102,51
47,21,38,102,153,51
47,22,38,51,102,51
47,23,38,51,102,51
47,24,38,102,102,51
47,15,39,51,51,51
47,16,39,34,34,34
47,23,39,51,102,51
47,15,40,51,51,51
47,15,41,51,51,51
47,16,41,34,34,34
47,17,41,51,51,0
47,18,41,51,102,51
47,15,42,51,51,51
47,16,42,34,34,34
48,18,18,51,102,51
48,21,18,51,102,51
48,22,18,34,34,34
48,23,18,51,51,0
48,24,18,51,51,0
48,17,19,51,102,51
48,18,19,51,102,51
48,17,20,0,51,0
48,19,20,102,102,51
48,21,20,102,102,51
48,22,20,34,34,34
48,17,21,0,51,0
48,19,21,102,102,51
48,20,21,102,102,51
48,21,21,102,102,51
48,22,21,34,34,34
48,17,22,0,51,0
48,19,22,102,102,51
48,20,22,102,102,51
48,18,23,68,68,68
48,18,24,68,68,68
48,18,25,68,68,68
48,19,25,102,102,51
48,18,26,68,68,68
48,20,26,102,102,51
48,18,27,68,68,68
48,19,27,102,102,51
48,20,27,102,102,51
48,18,28,68,68,68
48,21,28,102,102,51
48,18,29,68,68,68
48,21,29,102,102,51
48,18,30,68,68,68
48,22,30,153,204,102
48,23,30,153,204,102
48,18,31,68,68,68
48,23,31,153,204,102
48,24,31,153,204,102
48,25,31,153,204,102
48,15,32,51,51,51
48,16,32,51,51,51
48,17,32,0,51,0
48,25,32,153,204,102
48,15,33,0,51,0
48,20,33,102,153,51
48,21,33,102,153,51
48,22,33,153,204,102
48,23,33,153,204,102
48,24,33,153,204,102
48,15,34,51,51,51
48,20,34,51,102,51
48,21,34,102,153,51
48,22,34,153,204,102
48,23,34,153,204,102
48,24,34,153,204,102
48,25,34,153,204,102
48,26,34,153,204,102
48,15,35,51,51,51
48,20,35,51,102,51
48,21,35,102,102,51
48,22,35,102,153,51
48,23,35,102,153,51
48,24,35,153,204,102
48,25,35,102,153,51
48,15,36,51,51,51
48,20,36,51,102,51
48,21,36,102,153,51
48,22,36,102,153,51
48,23,36,102,153,51
48,24,36,153,204,102
48,25,36,102,153,51
48,26,36,102,153,51
48,15,37,51,51,51
48,18,37,51,102,51
48,19,37,51,102,51
48,20,37,51,102,51
48,21,37,102,102,51
48,22,37,102,153,51
48,23,37,102,153,51
48,24,37,102,153,51
48,15,38,51,51,51
48,17,38,51,102,51
48,22,38,102,153,51
48,15,39,51,51,51
48,16,39,51,51,51
48,15,40,51,51,51
48,16,40,51,51,51
48,15,41,51,51,51
48,17,41,0,51,0
48,18,41,68,68,68
48,15,42,51,51,51
48,16,42,51,51,51
48,18,42,68,68,68
49,17,19,51,102,51
49,18,19,51,102,51
49,15,20,51,102,51
49,17,20,51,51,0
49,18,20,102,153,51
49,19,20,51,102,51
49,20,20,0,51,0
49,21,20,102,153,51
49,22,20,51,102,51
49,15,21,51,102,51
49,17,21,51,51,0
49,22,21,51,102,51
49,15,22,51,102,51
49,17,22,51,51,0
49,21,22,102,153,51
49,22,22,51,102,51
49,15,23,51,102,51
49,17,23,51,51,0
49,19,23,51,102,51
49,20,23,102,153,51
49,21,23,102,153,51
49,15,24,51,102,51
49,17,24,51,51,0
49,18,24,102,153,51
49,15,25,51,102,51
49,16,25,102,102,51
49,17,25,51,51,0
49,18,25,102,153,51
49,15,26,51,102,51
49,16,26,102,102,51
49,17,26,51,51,0
49,18,26,102,153,51
49,15,27,51,102,51
49,16,27,102,102,51
49,17,27,51,51,0
49,19,27,51,102,51
49,15,28,51,102,51
49,16,28,102,102,51
49,17,28,51,51,0
49,20,28,102,153,51
49,21,28,102,153,51
49,15,29,51,102,51
49,16,29,102,102,51
49,17,29,51,51,0
49,22,29,153,204,102
49,15,30,51,102,51
49,16,30,102,102,51
49,17,30,51,51,0
49,22,30,153,204,102
49,15,31,51,102,51
49,16,31,102,102,51
49,17,31,51,51,0
49,21,31,102,153,51
49,22,31,153,204,102
49,15,32,0,51,0
49,20,32,102,153,51
49,21,32,102,153,51
49,22,32,153,204,102
49,23,32,153,204,102
49,24,32,153,204,102
49,15,33,0,51,0
49,16,33,0,51,0
49,19,33,102,153,51
49,15,34,51,102,51
49,19,34,51,102,51
49,15,35,51,102,51
49,19,35,51,102,51
49,15,36,51,102,51
49,19,36,51,102,51
49,15,37,51,102,51
49,19,37,51,102,51
49,15,38,51,102,51
49,18,38,51,102,51
49,15,39,51,102,51
49,17,39,51,102,51
49,18,39,51,102,51
49,15,40,51,102,51
49,17,40,51,102,51
49,18,40,51,102,51
49,19,40,51,102,51
49,15,41,51,102,51
49,16,41,51,102,51
49,17,41,51,51,0
49,18,41,102,153,51
50,17,19,51,102,51
50,15,20,51,51,51
50,17,20,102,102,51
50,19,20,0,51,0
50,20,20,0,51,0
50,15,21,51,51,51
50,17,21,102,102,51
50,18,21,51,51,0
50,21,21,51,51,51
50,15,22,51,51,51
50,17,22,102,102,51
50,21,22,153,153,102
50,15,23,51,51,51
50,17,23,102,102,51
50,19,23,51,102,51
50,20,23,102,102,51
50,21,23,51,51,51
50,15,24,51,51,51
50,17,24,102,102,51
50,18,24,51,51,0
50,15,25,51,51,51
50,16,25,51,51,51
50,18,25,51,51,0
50,15,26,51,51,51
50,18,26,51,51,0
50,15,27,51,51,51
50,17,27,51,102,51
50,18,27,102,153,51
50,15,28,51,51,51
50,16,28,51,102,51
50,17,28,51,102,51
50,18,28,51,102,51
50,19,28,51,102,51
50,18,29,51,102,51
50,19,29,51,102,51
50,20,29,102,102,51
50,21,29,51,51,51
50,18,30,0,51,0
50,19,30,51,102,51
50,20,30,51,102,51
50,21,30,102,153,51
50,22,30,102,153,51
50,16,31,51,102,51
50,17,31,51,102,51
50,18,31,51,102,51
50,19,31,51,102,51
50,20,31,51,102,51
50,16,32,0,51,0
50,17,32,0,51,0
50,18,32,51,102,51
50,20,32,51,102,51
50,21,32,102,153,51
50,22,32,102,153,51
50,23,32,102,102,51
50,17,33,51,102,51
50,18,33,51,51,0
50,19,33,51,102,51
50,16,34,51,51,51
50,17,34,51,102,51
50,19,34,51,102,51
50,15,35,51,51,51
50,19,35,51,102,51
50,15,36,51,51,51
50,19,36,51,102,51
50,15,37,51,51,51
50,19,37,51,102,51
50,15,38,51,51,51
50,18,38,51,102,51
50,15,39,51,51,51
50,19,39,51,102,51
50,15,40,51,51,51
50,19,40,51,102,51
50,16,41,51,102,51
50,17,41,51,102,51
50,18,41,51,51,0
51,19,20,51,102,51
51,20,20,51,102,51
51,18,21,51,102,51
51,19,21,0,51,0
51,20,21,153,153,102
51,21,21,153,153,102
51,14,22,51,51,51
51,16,22,34,34,34
51,17,22,153,153,102
51,18,22,102,153,51
51,19,22,102,153,51
51,20,22,102,153,51
51,21,22,102,153,51
51,14,23,51,51,51
51,15,23,34,34,34
51,16,23,34,34,34
51,18,23,102,153,51
51,19,23,102,153,51
51,20,23,102,153,51
51,14,24,51,102,51
51,16,24,34,34,34
51,19,24,102,153,51
51,14,25,51,102,51
51,18,25,51,102,51
51,14,26,51,102,51
51,17,26,102,153,51
51,18,26,102,153,51
51,19,26,51,102,51
51,14,27,51,102,51
51,15,27,34,34,34
51,16,27,51,102,51
51,19,32,51,102,51
51,19,33,153,153,102
51,18,34,51,102,51
51,19,34,51,102,51
51,15,35,34,34,34
51,16,35,34,34,34
51,17,35,51,102,51
51,18,35,51,102,51
51,19,35,51,102,51
51,15,36,34,34,34
51,16,36,34,34,34
51,17,36,51,102,51
51,18,36,51,102,51
51,19,36,51,102,51
51,16,37,34,34,34
51,17,37,51,102,51
51,18,37,51,102,51
51,16,38,34,34,34
51,19,38,51,102,51
51,15,39,34,34,34
51,19,39,51,102,51
51,15,40,34,34,34
51,16,40,34,34,34
51,17,40,51,102,51
51,18,40,51,102,51
51,19,40,51,102,51
51,16,41,34,34,34
51,17,41,51,102,51
51,18,41,51,102,51
52,14,22,34,34,34
52,16,22,102,102,51
52,17,22,153,153,102
52,14,23,34,34,34
52,15,23,51,51,0
52,17,23,153,153,102
52,14,24,51,102,51
52,18,24,0,51,0
52,14,25,51,102,51
52,18,25,51,102,51
52,14,26,51,102,51
52,17,26,0,68,0
52,14,27,51,102,51
52,15,27,51,51,0
52,16,27,51,102,51
52,17,27,102,153,51
52,17,35,0,68,0
52,17,38,0,68,0
52,18,38,153,153,102
52,16,39,102,102,51
52,17,39,0,68,0
52,18,39,153,153,102
53,15,22,34,34,34
53,17,22,153,204,102
53,15,23,34,34,34
53,16,23,102,153,102
53,17,23,153,204,102
53,15,24,34,34,34
53,17,24,102,153,51
53,18,24,0,51,0
53,15,25,34,34,34
53,17,25,51,102,51
53,18,25,51,102,51
53,15,26,34,34,34
53,18,26,51,102,51
53,15,27,34,34,34
53,16,27,51,102,51
53,17,27,51,102,51
53,15,28,34,34,34
53,16,28,51,102,51
54,14,23,102,153,51
54,15,23,51,102,51
54,16,23,51,102,51
54,14,24,51,102,51
54,15,24,51,102,51
54,16,24,102,153,51
54,14,25,51,102,51
54,15,25,0,51,0
54,16,25,102,153,51
54,14,26,51,102,51
54,15,26,51,102,51
54,16,26,153,153,102
54,17,26,153,153,102
